"sample","VCFname","condition","Taxa","ID","group","era","Q","orygin","meta"
"2FACC_chilling","2FACC","chilling","2FACC","2FACC","SS","II","SS","US","SS_II_US"
"2FACC_cold","2FACC","cold","2FACC","2FACC","SS","II","SS","US","SS_II_US"
"2FACC_control","2FACC","control","2FACC","2FACC","SS","II","SS","US","SS_II_US"
"78004_chilling","DK78004","chilling","78004","DK78004","SS",NA,"SS","US","SS_NA_US"
"78004_cold","DK78004","cold","78004","DK78004","SS",NA,"SS","US","SS_NA_US"
"78004_control","DK78004","control","78004","DK78004","SS",NA,"SS","US","SS_NA_US"
"78551S_cold","78551S","cold","78551S","78551S","NSS","II","NSS","US","NSS_II_US"
"78551S_control","78551S","control","78551S","78551S","NSS","II","NSS","US","NSS_II_US"
"A239_cold","A239","cold","A239","A239","Broad origin-public","I","NSS","US","NSS_I_US"
"A239_control","A239","control","A239","A239","Broad origin-public","I","NSS","US","NSS_I_US"
"A632_cold","A632","cold","A632","A632","SS","I","SS","US","SS_I_US"
"A634_cold","A634","cold","A634","A634","SS","I","SS","US","SS_I_US"
"A634_control","A634","control","A634","A634","SS","I","SS","US","SS_I_US"
"A635_chilling","A635","chilling","A635","A635","SS","I","SS","US","SS_I_US"
"A635_control","A635","control","A635","A635","SS","I","SS","US","SS_I_US"
"A641_cold","A641","cold","A641","A641","SS",NA,"SS","US","SS_NA_US"
"A659_chilling","A659","chilling","A659","A659","Broad origin-public","I","NSS","US","NSS_I_US"
"A659_cold","A659","cold","A659","A659","Broad origin-public","I","NSS","US","NSS_I_US"
"A659_control","A659","control","A659","A659","Broad origin-public","I","NSS","US","NSS_I_US"
"A661_chilling","A661","chilling","A661","A661","Broad origin-public","I","mix",NA,"mix_I_NA"
"A661_chilling_2","A661","chilling","A661","A661","Broad origin-public","I","mix",NA,"mix_I_NA"
"A661_cold","A661","cold","A661","A661","Broad origin-public","I","mix",NA,"mix_I_NA"
"A661_cold_2","A661","cold","A661","A661","Broad origin-public","I","mix",NA,"mix_I_NA"
"A661_control","A661","control","A661","A661","Broad origin-public","I","mix",NA,"mix_I_NA"
"A661_control_2","A661","control","A661","A661","Broad origin-public","I","mix",NA,"mix_I_NA"
"A679_chilling","A679","chilling","A679","A679","SS","I","SS","US","SS_I_US"
"A679_cold","A679","cold","A679","A679","SS","I","SS","US","SS_I_US"
"A679_control","A679","control","A679","A679","SS","I","SS","US","SS_I_US"
"A680_chilling","A680","chilling","A680","A680","SS","I","SS","US","SS_I_US"
"A680_chilling_2","A680","chilling","A680","A680","SS","I","SS","US","SS_I_US"
"A680_cold","A680","cold","A680","A680","SS","I","SS","US","SS_I_US"
"A680_cold_2","A680","cold","A680","A680","SS","I","SS","US","SS_I_US"
"A680_control","A680","control","A680","A680","SS","I","SS","US","SS_I_US"
"B103_cold","B103","cold","B103","B103","NSS",NA,"Iodent","US","Iodent_NA_US"
"B104_chilling","B104","chilling","B104","B104","SS","I","SS","US","SS_I_US"
"B104_cold","B104","cold","B104","B104","SS","I","SS","US","SS_I_US"
"B104_control","B104","control","B104","B104","SS","I","SS","US","SS_I_US"
"B105_chilling","B105","chilling","B105","B105","SS","I","mix",NA,"mix_I_NA"
"B105_cold","B105","cold","B105","B105","SS","I","mix",NA,"mix_I_NA"
"B105_control","B105","control","B105","B105","SS","I","mix",NA,"mix_I_NA"
"B109_chilling","B109","chilling","B109","B109","SS","I","SS","US","SS_I_US"
"B109_cold","B109","cold","B109","B109","SS","I","SS","US","SS_I_US"
"B109_control","B109","control","B109","B109","SS","I","SS","US","SS_I_US"
"B10_chilling","B10","chilling","B10","B10","SS","I","SS","US","SS_I_US"
"B10_cold","B10","cold","B10","B10","SS","I","SS","US","SS_I_US"
"B10_control","B10","control","B10","B10","SS","I","SS","US","SS_I_US"
"B14A_chilling","B14A","chilling","B14A","B14A","SS","I","SS","US","SS_I_US"
"B14A_cold","B14A","cold","B14A","B14A","SS","I","SS","US","SS_I_US"
"B14A_control","B14A","control","B14A","B14A","SS","I","SS","US","SS_I_US"
"B37_chilling","B37","chilling","B37","B37","SS","I","SS","US","SS_I_US"
"B37_control","B37","control","B37","B37","SS","I","SS","US","SS_I_US"
"B46_chilling","B46","chilling","B46","B46","SS","I","NSS","US","NSS_I_US"
"B46_cold","B46","cold","B46","B46","SS","I","NSS","US","NSS_I_US"
"B46_control","B46","control","B46","B46","SS","I","NSS","US","NSS_I_US"
"B57_chilling","B57","chilling","B57","B57","Broad origin-public","I","NSS","US","NSS_I_US"
"B57_cold","B57","cold","B57","B57","Broad origin-public","I","NSS","US","NSS_I_US"
"B57_control","B57","control","B57","B57","Broad origin-public","I","NSS","US","NSS_I_US"
"B64_chilling","B64","chilling","B64","B64","SS","I","SS","US","SS_I_US"
"B64_cold","B64","cold","B64","B64","SS","I","SS","US","SS_I_US"
"B68_chilling","B68","chilling","B68","B68","SS","I","SS","US","SS_I_US"
"B68_cold","B68","cold","B68","B68","SS","I","SS","US","SS_I_US"
"B68_control","B68","control","B68","B68","SS","I","SS","US","SS_I_US"
"B73_chilling","B73","chilling","B73","B73","SS","I","SS","US","SS_I_US"
"B73_cold","B73","cold","B73","B73","SS","I","SS","US","SS_I_US"
"B73_control","B73","control","B73","B73","SS","I","SS","US","SS_I_US"
"B75_chilling","B75","chilling","B75","B75","Mixed","I","NSS","US","NSS_I_US"
"B75_cold","B75","cold","B75","B75","Mixed","I","NSS","US","NSS_I_US"
"B75_control","B75","control","B75","B75","Mixed","I","NSS","US","NSS_I_US"
"B79_chilling","B79","chilling","B79","B79","Mixed","I","NSS","US","NSS_I_US"
"B79_cold","B79","cold","B79","B79","Mixed","I","NSS","US","NSS_I_US"
"B79_control","B79","control","B79","B79","Mixed","I","NSS","US","NSS_I_US"
"B84_cold","B84","cold","B84","B84","SS","I","SS","US","SS_I_US"
"B95_chilling","B95","chilling","B95","B95","Huangzaosi",NA,"NSS","US","NSS_NA_US"
"B95_cold","B95","cold","B95","B95","Huangzaosi",NA,"NSS","US","NSS_NA_US"
"B95_control","B95","control","B95","B95","Huangzaosi",NA,"NSS","US","NSS_NA_US"
"B97_cold","B97","cold","B97","B97","NSS","I","NSS","US","NSS_I_US"
"B97_control","B97","control","B97","B97","NSS","I","NSS","US","NSS_I_US"
"Breslau_II_chilling",NA,"chilling","Breslau_II","BreslauII",NA,NA,"Landrace",NA,"Landrace_NA_NA"
"Breslau_II_cold",NA,"cold","Breslau_II","BreslauII",NA,NA,"Landrace",NA,"Landrace_NA_NA"
"Breslau_II_control",NA,"control","Breslau_II","BreslauII",NA,NA,"Landrace",NA,"Landrace_NA_NA"
"CH701_30_chilling","CH701-30","chilling","CH701_30","CH70130","Broad origin-public","I","NSS","US","NSS_I_US"
"CH701_30_cold","CH701-30","cold","CH701_30","CH70130","Broad origin-public","I","NSS","US","NSS_I_US"
"CH701_30_control","CH701-30","control","CH701_30","CH70130","Broad origin-public","I","NSS","US","NSS_I_US"
"CM105_chilling","CM105","chilling","CM105","CM105","SS","I","SS","US","SS_I_US"
"CM105_cold","CM105","cold","CM105","CM105","SS","I","SS","US","SS_I_US"
"CM105_control","CM105","control","CM105","CM105","SS","I","SS","US","SS_I_US"
"CM7_chilling","CM7","chilling","CM7","CM7","SS","I","NSS","US","NSS_I_US"
"CM7_cold","CM7","cold","CM7","CM7","SS","I","NSS","US","NSS_I_US"
"CM7_control","CM7","control","CM7","CM7","SS","I","NSS","US","NSS_I_US"
"CML103_chilling",NA,"chilling","CML103","CML103",NA,NA,"Tropical","Mexico","Tropical"
"CML103_cold",NA,"cold","CML103","CML103",NA,NA,"Tropical","Mexico","Tropical"
"CML103_control",NA,"control","CML103","CML103",NA,NA,"Tropical","Mexico","Tropical"
"CML108_chilling","CML_108","chilling","CML108","CML108","Tropical","I","Tropical","Mexico","Tropical"
"CML108_cold","CML_108","cold","CML108","CML108","Tropical","I","Tropical","Mexico","Tropical"
"CML108_control","CML_108","control","CML108","CML108","Tropical","I","Tropical","Mexico","Tropical"
"CML108_control_2","CML_108","control","CML108","CML108","Tropical","I","Tropical","Mexico","Tropical"
"CML10_chilling","CML10","chilling","CML10","CML10","Tropical",NA,"Tropical","Mexico","Tropical"
"CML10_control","CML10","control","CML10","CML10","Tropical",NA,"Tropical","Mexico","Tropical"
"CML11_chilling","CML11","chilling","CML11","CML11","Tropical",NA,"Tropical","Mexico","Tropical"
"CML11_cold","CML11","cold","CML11","CML11","Tropical",NA,"Tropical","Mexico","Tropical"
"CML11_control","CML11","control","CML11","CML11","Tropical",NA,"Tropical","Mexico","Tropical"
"CML14_chilling","CML14","chilling","CML14","CML14","Tropical",NA,"Tropical","Mexico","Tropical"
"CML14_control","CML14","control","CML14","CML14","Tropical",NA,"Tropical","Mexico","Tropical"
"CML157Q_chilling","CML157Q","chilling","CML157Q","CML157Q","Tropical",NA,"Tropical","Mexico","Tropical"
"CML157Q_cold","CML157Q","cold","CML157Q","CML157Q","Tropical",NA,"Tropical","Mexico","Tropical"
"CML157Q_control","CML157Q","control","CML157Q","CML157Q","Tropical",NA,"Tropical","Mexico","Tropical"
"CML158Q_chilling","CML158Q","chilling","CML158Q","CML158Q","Tropical",NA,"Tropical","Mexico","Tropical"
"CML220_chilling","CML_220","chilling","CML220","CML220","Tropical","I","Tropical","Mexico","Tropical"
"CML220_control","CML_220","control","CML220","CML220","Tropical","I","Tropical","Mexico","Tropical"
"CML220_control_2","CML_220","control","CML220","CML220","Tropical","I","Tropical","Mexico","Tropical"
"CML228_chilling","CML_228","chilling","CML228","CML228","Tropical","I","Tropical","Mexico","Tropical"
"CML228_cold","CML_228","cold","CML228","CML228","Tropical","I","Tropical","Mexico","Tropical"
"CML228_control","CML_228","control","CML228","CML228","Tropical","I","Tropical","Mexico","Tropical"
"CML238_chilling","CML238","chilling","CML238","CML238","Tropical",NA,"Tropical","Mexico","Tropical"
"CML238_cold","CML238","cold","CML238","CML238","Tropical",NA,"Tropical","Mexico","Tropical"
"CML238_control","CML238","control","CML238","CML238","Tropical",NA,"Tropical","Mexico","Tropical"
"CML247_chilling","CML_247","chilling","CML247","CML247","Tropical",NA,"Tropical","Mexico","Tropical"
"CML247_cold","CML_247","cold","CML247","CML247","Tropical",NA,"Tropical","Mexico","Tropical"
"CML254_chilling","CML_254","chilling","CML254","CML254","Tropical",NA,"Tropical","Mexico","Tropical"
"CML254_chilling_2","CML_254","chilling","CML254","CML254","Tropical",NA,"Tropical","Mexico","Tropical"
"CML254_cold","CML_254","cold","CML254","CML254","Tropical",NA,"Tropical","Mexico","Tropical"
"CML254_control","CML_254","control","CML254","CML254","Tropical",NA,"Tropical","Mexico","Tropical"
"CML261_chilling","CML261","chilling","CML261","CML261","Tropical",NA,"Tropical","Mexico","Tropical"
"CML261_cold","CML261","cold","CML261","CML261","Tropical",NA,"Tropical","Mexico","Tropical"
"CML261_control","CML261","control","CML261","CML261","Tropical",NA,"Tropical","Mexico","Tropical"
"CML264_chilling","CML_264","chilling","CML264","CML264","Tropical",NA,"Tropical","Mexico","Tropical"
"CML264_cold","CML_264","cold","CML264","CML264","Tropical",NA,"Tropical","Mexico","Tropical"
"CML264_control","CML_264","control","CML264","CML264","Tropical",NA,"Tropical","Mexico","Tropical"
"CML277_chilling","CML_277","chilling","CML277","CML277","Tropical",NA,"Tropical","Mexico","Tropical"
"CML277_cold","CML_277","cold","CML277","CML277","Tropical",NA,"Tropical","Mexico","Tropical"
"CML277_control","CML_277","control","CML277","CML277","Tropical",NA,"Tropical","Mexico","Tropical"
"CML281_chilling","CML281","chilling","CML281","CML281","Tropical",NA,"Tropical","Mexico","Tropical"
"CML281_cold","CML281","cold","CML281","CML281","Tropical",NA,"Tropical","Mexico","Tropical"
"CML281_control","CML281","control","CML281","CML281","Tropical",NA,"Tropical","Mexico","Tropical"
"CML287_chilling","CML_287","chilling","CML287","CML287","Tropical",NA,"Tropical","Mexico","Tropical"
"CML287_cold","CML_287","cold","CML287","CML287","Tropical",NA,"Tropical","Mexico","Tropical"
"CML287_control","CML_287","control","CML287","CML287","Tropical",NA,"Tropical","Mexico","Tropical"
"CML311_chilling","CML311","chilling","CML311","CML311","Tropical",NA,"Tropical","Mexico","Tropical"
"CML314_chilling","CML314","chilling","CML314","CML314","Tropical",NA,"Tropical","Mexico","Tropical"
"CML321_chilling","CML321","chilling","CML321","CML321","Tropical",NA,"Tropical","Mexico","Tropical"
"CML321_cold","CML321","cold","CML321","CML321","Tropical",NA,"Tropical","Mexico","Tropical"
"CML321_control","CML321","control","CML321","CML321","Tropical",NA,"Tropical","Mexico","Tropical"
"CML322_chilling","CML_322","chilling","CML322","CML322","Tropical","I","Tropical","Mexico","Tropical"
"CML322_cold","CML_322","cold","CML322","CML322","Tropical","I","Tropical","Mexico","Tropical"
"CML322_control","CML_322","control","CML322","CML322","Tropical","I","Tropical","Mexico","Tropical"
"CML328_chilling","CML328","chilling","CML328","CML328","Mixed",NA,"Tropical","Mexico","Tropical"
"CML328_cold","CML328","cold","CML328","CML328","Mixed",NA,"Tropical","Mexico","Tropical"
"CML331_chilling","CML331","chilling","CML331","CML331","Tropical",NA,"Tropical","Mexico","Tropical"
"CML331_cold","CML331","cold","CML331","CML331","Tropical",NA,"Tropical","Mexico","Tropical"
"CML331_control","CML331","control","CML331","CML331","Tropical",NA,"Tropical","Mexico","Tropical"
"CML332_chilling","CML332","chilling","CML332","CML332","Tropical",NA,"Tropical","Mexico","Tropical"
"CML332_cold","CML332","cold","CML332","CML332","Tropical",NA,"Tropical","Mexico","Tropical"
"CML332_control","CML332","control","CML332","CML332","Tropical",NA,"Tropical","Mexico","Tropical"
"CML333_cold","CML333","cold","CML333","CML333","Tropical",NA,"Tropical","Mexico","Tropical"
"CML333_control","CML333","control","CML333","CML333","Tropical",NA,"Tropical","Mexico","Tropical"
"CML38_cold","CML38","cold","CML38","CML38","Tropical",NA,"Tropical","Mexico","Tropical"
"CML45_cold","CML45","cold","CML45","CML45","Tropical",NA,"Tropical","Mexico","Tropical"
"CML45_control","CML45","control","CML45","CML45","Tropical",NA,"Tropical","Mexico","Tropical"
"CML52_chilling","CML_52","chilling","CML52","CML52","Tropical",NA,"Tropical","Mexico","Tropical"
"CML52_cold","CML_52","cold","CML52","CML52","Tropical",NA,"Tropical","Mexico","Tropical"
"CML52_control","CML_52","control","CML52","CML52","Tropical",NA,"Tropical","Mexico","Tropical"
"CML69_chilling","CML69","chilling","CML69","CML69","Tropical",NA,"Tropical","Mexico","Tropical"
"CML69_cold","CML69","cold","CML69","CML69","Tropical",NA,"Tropical","Mexico","Tropical"
"CML69_control","CML69","control","CML69","CML69","Tropical",NA,"Tropical","Mexico","Tropical"
"CML91_cold","CML_91","cold","CML91","CML91","Tropical","I","Tropical","Mexico","Tropical"
"CML92_chilling","CML92","chilling","CML92","CML92","Mixed",NA,"Tropical","Mexico","Tropical"
"CML92_cold","CML92","cold","CML92","CML92","Mixed",NA,"Tropical","Mexico","Tropical"
"CML92_control","CML92","control","CML92","CML92","Mixed",NA,"Tropical","Mexico","Tropical"
"CMV3_chilling","CMV3","chilling","CMV3","CMV3","NSS",NA,"NSS","US","NSS_NA_US"
"CMV3_cold","CMV3","cold","CMV3","CMV3","NSS",NA,"NSS","US","NSS_NA_US"
"CMV3_control","CMV3","control","CMV3","CMV3","NSS",NA,"NSS","US","NSS_NA_US"
"CO106_chilling","CO106","chilling","CO106","CO106","Broad origin-public","I","NSS","US","NSS_I_US"
"CO106_cold","CO106","cold","CO106","CO106","Broad origin-public","I","NSS","US","NSS_I_US"
"CO106_control","CO106","control","CO106","CO106","Broad origin-public","I","NSS","US","NSS_I_US"
"CR14_chilling","CR14","chilling","CR14","CR14","SS","II","SS","US","SS_II_US"
"CR14_control","CR14","control","CR14","CR14","SS","II","SS","US","SS_II_US"
"Czechnick_chilling",NA,"chilling","Czechnick","Czechnick",NA,NA,"Landrace",NA,"Landrace_NA_NA"
"Czechnick_cold",NA,"cold","Czechnick","Czechnick",NA,NA,"Landrace",NA,"Landrace_NA_NA"
"Czechnick_control",NA,"control","Czechnick","Czechnick",NA,NA,"Landrace",NA,"Landrace_NA_NA"
"Czerwony_Koral_cold",NA,"cold","Czerwony_Koral","CzerwonyKoral",NA,NA,"Landrace",NA,"Landrace_NA_NA"
"Czerwony_Koral_control",NA,"control","Czerwony_Koral","CzerwonyKoral",NA,NA,"Landrace",NA,"Landrace_NA_NA"
"DE811_chilling","DE811","chilling","DE811","DE811","SS","I","SS","US","SS_I_US"
"DE811_control","DE811","control","DE811","DE811","SS","I","SS","US","SS_I_US"
"DJ7_chilling","DJ7","chilling","DJ7","DJ7","SS","II","SS","US","SS_II_US"
"DJ7_cold","DJ7","cold","DJ7","DJ7","SS","II","SS","US","SS_II_US"
"DJ7_control","DJ7","control","DJ7","DJ7","SS","II","SS","US","SS_II_US"
"Dolnoslaska_Kiszonkowa_chilling",NA,"chilling","Dolnoslaska_Kiszonkowa","DolnoslaskaKiszonkowa",NA,NA,"Landrace",NA,"Landrace_NA_NA"
"Dolnoslaska_Kiszonkowa_cold",NA,"cold","Dolnoslaska_Kiszonkowa","DolnoslaskaKiszonkowa",NA,NA,"Landrace",NA,"Landrace_NA_NA"
"Dolnoslaska_Kiszonkowa_control",NA,"control","Dolnoslaska_Kiszonkowa","DolnoslaskaKiszonkowa",NA,NA,"Landrace",NA,"Landrace_NA_NA"
"E8501_cold","E8501","cold","E8501","E8501","NSS","II","NSS","US","NSS_II_US"
"E8501_control","E8501","control","E8501","E8501","NSS","II","NSS","US","NSS_II_US"
"EP1_chilling","EP1","chilling","EP1","EP1","Sweet corn","","mix",NA,"mix__NA"
"EP1_cold","EP1","cold","EP1","EP1","Sweet corn","","mix",NA,"mix__NA"
"EP1_control","EP1","control","EP1","EP1","Sweet corn","","mix",NA,"mix__NA"
"Egyptska_Ryzova_chilling",NA,"chilling","Egyptska_Ryzova","EgyptskaRyzova",NA,NA,"Landrace",NA,"Landrace_NA_NA"
"Egyptska_Ryzova_cold",NA,"cold","Egyptska_Ryzova","EgyptskaRyzova",NA,NA,"Landrace",NA,"Landrace_NA_NA"
"Egyptska_Ryzova_control",NA,"control","Egyptska_Ryzova","EgyptskaRyzova",NA,NA,"Landrace",NA,"Landrace_NA_NA"
"F2834T_control","F2834T","control","F2834T","F2834T","Tropical","","Tropical","Mexico","Tropical"
"F2_chilling","F2","chilling","F2","F2","Sweet corn",NA,"mix",NA,"mix_NA_NA"
"F2_cold","F2","cold","F2","F2","Sweet corn",NA,"mix",NA,"mix_NA_NA"
"F2_control","F2","control","F2","F2","Sweet corn",NA,"mix",NA,"mix_NA_NA"
"F42_cold","F42","cold","F42","F42","SS",NA,"SS","US","SS_NA_US"
"F42_control","F42","control","F42","F42","SS",NA,"SS","US","SS_NA_US"
"F7_chilling","F7","chilling","F7","F7","Sweet corn","","mix",NA,"mix__NA"
"F7_cold","F7","cold","F7","F7","Sweet corn","","mix",NA,"mix__NA"
"F7_control","F7","control","F7","F7","Sweet corn","","mix",NA,"mix__NA"
"FS16094A_chilling","FS16094A","chilling","FS16094A","FS16094A","Polskie","II","NSS","Poland","NSS_II_Poland"
"FS16094A_cold","FS16094A","cold","FS16094A","FS16094A","Polskie","II","NSS","Poland","NSS_II_Poland"
"FS16094A_control","FS16094A","control","FS16094A","FS16094A","Polskie","II","NSS","Poland","NSS_II_Poland"
"GA209_chilling","GA209","chilling","GA209","GA209","NSS",NA,"mix",NA,"mix_NA_NA"
"GA209_cold","GA209","cold","GA209","GA209","NSS",NA,"mix",NA,"mix_NA_NA"
"GA209_control","GA209","control","GA209","GA209","NSS",NA,"mix",NA,"mix_NA_NA"
"GT112_chilling","GT112","chilling","GT112","GT112","NSS",NA,"mix",NA,"mix_NA_NA"
"GT112_cold","GT112","cold","GT112","GT112","NSS",NA,"mix",NA,"mix_NA_NA"
"H114_chilling","H114","chilling","H114","H114","SS","I","SS","US","SS_I_US"
"H114_cold","H114","cold","H114","H114","SS","I","SS","US","SS_I_US"
"H49_chilling","H49","chilling","H49","H49","NSS","I","NSS","US","NSS_I_US"
"H49_cold","H49","cold","H49","H49","NSS","I","NSS","US","NSS_I_US"
"H84_chilling","H84","chilling","H84","H84","SS","I","SS","US","SS_I_US"
"H84_cold","H84","cold","H84","H84","SS","I","SS","US","SS_I_US"
"H84_control","H84","control","H84","H84","SS","I","SS","US","SS_I_US"
"H95_chilling","H95","chilling","H95","H95","NSS","I","NSS","US","NSS_I_US"
"H95_cold","H95","cold","H95","H95","NSS","I","NSS","US","NSS_I_US"
"H95_control","H95","control","H95","H95","NSS","I","NSS","US","NSS_I_US"
"HB8229_chilling","HB8229","chilling","HB8229","HB8229","SS",NA,"SS","US","SS_NA_US"
"HB8229_control","HB8229","control","HB8229","HB8229","SS",NA,"SS","US","SS_NA_US"
"I29_chilling","I29","chilling","I29","I29","Popcorn","","mix",NA,"mix__NA"
"I29_cold","I29","cold","I29","I29","Popcorn","","mix",NA,"mix__NA"
"I29_control","I29","control","I29","I29","Popcorn","","mix",NA,"mix__NA"
"IBB15_chilling","IBB15","chilling","IBB15","IBB15","IDT","II","Iodent","US","Iodent_II_US"
"IBB15_cold","IBB15","cold","IBB15","IBB15","IDT","II","Iodent","US","Iodent_II_US"
"IBB15_control","IBB15","control","IBB15","IBB15","IDT","II","Iodent","US","Iodent_II_US"
"Janetzkis_Gloria_chilling",NA,"chilling","Janetzkis_Gloria","JanetzkisGloria",NA,NA,"Landrace",NA,"Landrace_NA_NA"
"Janetzkis_Gloria_cold",NA,"cold","Janetzkis_Gloria","JanetzkisGloria",NA,NA,"Landrace",NA,"Landrace_NA_NA"
"Janetzkis_Gloria_control",NA,"control","Janetzkis_Gloria","JanetzkisGloria",NA,NA,"Landrace",NA,"Landrace_NA_NA"
"K4_cold","K4","cold","K4","K4","Broad origin-public","I","NSS","US","NSS_I_US"
"K4_control","K4","control","K4","K4","Broad origin-public","I","NSS","US","NSS_I_US"
"K67_16_chilling","5E3","chilling","K67_16","K6716","Zea mays subsp. parviglumis","none","Parviglumis","Parviglumis","Zea mays subsp. parviglumis"
"K67_16_cold","5E3","cold","K67_16","K6716","Zea mays subsp. parviglumis","none","Parviglumis","Parviglumis","Zea mays subsp. parviglumis"
"K67_16_control","5E3","control","K67_16","K6716","Zea mays subsp. parviglumis","none","Parviglumis","Parviglumis","Zea mays subsp. parviglumis"
"K67_1_chilling","5A3","chilling","K67_1","K671","Zea mays subsp. mexicana","none","Mexicana","Mexicana","Zea mays subsp. mexicana"
"K67_1_cold","5A3","cold","K67_1","K671","Zea mays subsp. mexicana","none","Mexicana","Mexicana","Zea mays subsp. mexicana"
"K67_1_control","5A3","control","K67_1","K671","Zea mays subsp. mexicana","none","Mexicana","Mexicana","Zea mays subsp. mexicana"
"K68_1_cold","5B7","cold","K68_1","K681","Zea mays subsp. mexicana","none","Mexicana","Mexicana","Zea mays subsp. mexicana"
"K68_1_control","5B7","control","K68_1","K681","Zea mays subsp. mexicana","none","Mexicana","Mexicana","Zea mays subsp. mexicana"
"Ki11_chilling","Ki11","chilling","Ki11","Ki11","Tropical",NA,"Tropical","Mexico","Tropical"
"Ki11_cold","Ki11","cold","Ki11","Ki11","Tropical",NA,"Tropical","Mexico","Tropical"
"Ki11_control","Ki11","control","Ki11","Ki11","Tropical",NA,"Tropical","Mexico","Tropical"
"Ki14_cold","Ki14","cold","Ki14","Ki14","Tropical",NA,"Tropical","Mexico","Tropical"
"Ki14_control","Ki14","control","Ki14","Ki14","Tropical",NA,"Tropical","Mexico","Tropical"
"Ki43_cold","Ki43","cold","Ki43","Ki43","Tropical",NA,"Tropical","Mexico","Tropical"
"Ki43_control","Ki43","control","Ki43","Ki43","Tropical",NA,"Tropical","Mexico","Tropical"
"Ki44_chilling","Ki44","chilling","Ki44","Ki44","Tropical",NA,"Tropical","Mexico","Tropical"
"Ky21_chilling","Ky21","chilling","Ky21","Ky21","NSS","I","mix",NA,"mix_I_NA"
"Ky21_cold","Ky21","cold","Ky21","Ky21","NSS","I","mix",NA,"mix_I_NA"
"Ky21_control","Ky21","control","Ky21","Ky21","NSS","I","mix",NA,"mix_I_NA"
"Ky226_cold","Ky226","cold","Ky226","Ky226","Mixed","I","mix",NA,"mix_I_NA"
"Ky226_control","Ky226","control","Ky226","Ky226","Mixed","I","mix",NA,"mix_I_NA"
"LH123HT_control","LH123HT","control","LH123HT","LH123HT","NSS","II","NSS","US","NSS_II_US"
"LH145_control","LH145","control","LH145","LH145","SS","II","SS","US","SS_II_US"
"LH194_chilling","LH194","chilling","LH194","LH194","SS","II","SS","US","SS_II_US"
"LH1_chilling","LH1","chilling","LH1","LH1","SS","II","SS","US","SS_II_US"
"LH1_control","LH1","control","LH1","LH1","SS","II","SS","US","SS_II_US"
"LH208_chilling","LH208","chilling","LH208","LH208","SS","II","SS","US","SS_II_US"
"LH208_cold","LH208","cold","LH208","LH208","SS","II","SS","US","SS_II_US"
"LH208_control","LH208","control","LH208","LH208","SS","II","SS","US","SS_II_US"
"LH220Ht_chilling","LH220Ht","chilling","LH220Ht","LH220Ht","SS","II","SS","US","SS_II_US"
"LH38_chilling","LH38","chilling","LH38","LH38","NSS","II","NSS","US","NSS_II_US"
"LH38_cold","LH38","cold","LH38","LH38","NSS","II","NSS","US","NSS_II_US"
"LH38_control","LH38","control","LH38","LH38","NSS","II","NSS","US","NSS_II_US"
"LH39_chilling","LH39","chilling","LH39","LH39","NSS","II","mix",NA,"mix_II_NA"
"LH39_cold","LH39","cold","LH39","LH39","NSS","II","mix",NA,"mix_II_NA"
"LH39_control","LH39","control","LH39","LH39","NSS","II","mix",NA,"mix_II_NA"
"LH57_chilling","LH57","chilling","LH57","LH57","NSS","II","NSS","US","NSS_II_US"
"LP5_chilling","LP5","chilling","LP5","LP5","SS","","SS","US","SS__US"
"LP5_control","LP5","control","LP5","LP5","SS","","SS","US","SS__US"
"MBPM_chilling","MBPM","chilling","MBPM","MBPM","NSS","II","NSS","US","NSS_II_US"
"MBPM_control","MBPM","control","MBPM","MBPM","NSS","II","NSS","US","NSS_II_US"
"MGBCL18_cold","6C6","cold","MGBCL18","MGBCL18","Zea mays subsp. mexicana","none","Mexicana","Mexicana","Zea mays subsp. mexicana"
"MGBCL18_control","6C6","control","MGBCL18","MGBCL18","Zea mays subsp. mexicana","none","Mexicana","Mexicana","Zea mays subsp. mexicana"
"MGBCL1_chilling","6B1","chilling","MGBCL1","MGBCL1","Zea mays subsp. mexicana","none","Mexicana","Mexicana","Zea mays subsp. mexicana"
"MGBCL1_cold","6B1","cold","MGBCL1","MGBCL1","Zea mays subsp. mexicana","none","Mexicana","Mexicana","Zea mays subsp. mexicana"
"MGBCL1_control","6B1","control","MGBCL1","MGBCL1","Zea mays subsp. mexicana","none","Mexicana","Mexicana","Zea mays subsp. mexicana"
"MGB_CI10_chilling","6B10","chilling","MGB_CI10","MGBCI10","Zea mays subsp. mexicana","none","Mexicana","Mexicana","Zea mays subsp. mexicana"
"MGB_CI10_cold","6B10","cold","MGB_CI10","MGBCI10","Zea mays subsp. mexicana","none","Mexicana","Mexicana","Zea mays subsp. mexicana"
"MGB_CI10_control","6B10","control","MGB_CI10","MGBCI10","Zea mays subsp. mexicana","none","Mexicana","Mexicana","Zea mays subsp. mexicana"
"MGB_CI11_cold","6B11","cold","MGB_CI11","MGBCI11","Zea mays subsp. mexicana","none","Mexicana","Mexicana","Zea mays subsp. mexicana"
"MGB_CI11_control","6B11","control","MGB_CI11","MGBCI11","Zea mays subsp. mexicana","none","Mexicana","Mexicana","Zea mays subsp. mexicana"
"MGB_CI19_chilling","6C7","chilling","MGB_CI19","MGBCI19","Zea mays subsp. mexicana","none","Mexicana","Mexicana","Zea mays subsp. mexicana"
"MGB_CI19_cold","6C7","cold","MGB_CI19","MGBCI19","Zea mays subsp. mexicana","none","Mexicana","Mexicana","Zea mays subsp. mexicana"
"MGB_CI19_control","6C7","control","MGB_CI19","MGBCI19","Zea mays subsp. mexicana","none","Mexicana","Mexicana","Zea mays subsp. mexicana"
"MGB_CI20_chilling","6C8","chilling","MGB_CI20","MGBCI20","Zea mays subsp. mexicana","none","Mexicana","Mexicana","Zea mays subsp. mexicana"
"MGB_CI20_cold","6C8","cold","MGB_CI20","MGBCI20","Zea mays subsp. mexicana","none","Mexicana","Mexicana","Zea mays subsp. mexicana"
"MGB_CI20_control","6C8","control","MGB_CI20","MGBCI20","Zea mays subsp. mexicana","none","Mexicana","Mexicana","Zea mays subsp. mexicana"
"MGB_CI21_chilling","6C9","chilling","MGB_CI21","MGBCI21","Zea mays subsp. mexicana","none","Mexicana","Mexicana","Zea mays subsp. mexicana"
"MGB_CI21_cold","6C9","cold","MGB_CI21","MGBCI21","Zea mays subsp. mexicana","none","Mexicana","Mexicana","Zea mays subsp. mexicana"
"MGB_CI21_control","6C9","control","MGB_CI21","MGBCI21","Zea mays subsp. mexicana","none","Mexicana","Mexicana","Zea mays subsp. mexicana"
"MGB_CI22_chilling","6C10","chilling","MGB_CI22","MGBCI22","Zea mays subsp. parviglumis","none","Parviglumis","Parviglumis","Zea mays subsp. parviglumis"
"MGB_CI22_cold","6C10","cold","MGB_CI22","MGBCI22","Zea mays subsp. parviglumis","none","Parviglumis","Parviglumis","Zea mays subsp. parviglumis"
"MGB_CI23_chilling","6C11","chilling","MGB_CI23","MGBCI23","Zea mays subsp. parviglumis","none","Parviglumis","Parviglumis","Zea mays subsp. parviglumis"
"MGB_CI23_cold","6C11","cold","MGB_CI23","MGBCI23","Zea mays subsp. parviglumis","none","Parviglumis","Parviglumis","Zea mays subsp. parviglumis"
"MGB_CI23_control","6C11","control","MGB_CI23","MGBCI23","Zea mays subsp. parviglumis","none","Parviglumis","Parviglumis","Zea mays subsp. parviglumis"
"MGB_CI25_chilling","6C12","chilling","MGB_CI25","MGBCI25","Zea mays subsp. parviglumis","none","Parviglumis","Parviglumis","Zea mays subsp. parviglumis"
"MGB_CI25_cold","6C12","cold","MGB_CI25","MGBCI25","Zea mays subsp. parviglumis","none","Parviglumis","Parviglumis","Zea mays subsp. parviglumis"
"MGB_CI25_control","6C12","control","MGB_CI25","MGBCI25","Zea mays subsp. parviglumis","none","Parviglumis","Parviglumis","Zea mays subsp. parviglumis"
"MGB_CI26_chilling","6D1","chilling","MGB_CI26","MGBCI26","Zea mays subsp. parviglumis","none","Parviglumis","Parviglumis","Zea mays subsp. parviglumis"
"MGB_CI26_cold","6D1","cold","MGB_CI26","MGBCI26","Zea mays subsp. parviglumis","none","Parviglumis","Parviglumis","Zea mays subsp. parviglumis"
"MGB_CI26_control","6D1","control","MGB_CI26","MGBCI26","Zea mays subsp. parviglumis","none","Parviglumis","Parviglumis","Zea mays subsp. parviglumis"
"MGB_CI27_chilling","6D2","chilling","MGB_CI27","MGBCI27","Zea mays subsp. parviglumis","none","Parviglumis","Parviglumis","Zea mays subsp. parviglumis"
"MGB_CI27_cold","6D2","cold","MGB_CI27","MGBCI27","Zea mays subsp. parviglumis","none","Parviglumis","Parviglumis","Zea mays subsp. parviglumis"
"MGB_CI27_control","6D2","control","MGB_CI27","MGBCI27","Zea mays subsp. parviglumis","none","Parviglumis","Parviglumis","Zea mays subsp. parviglumis"
"MGB_CI28_chilling","6D3","chilling","MGB_CI28","MGBCI28","Zea mays subsp. parviglumis","none","Parviglumis","Parviglumis","Zea mays subsp. parviglumis"
"MGB_CI28_cold","6D3","cold","MGB_CI28","MGBCI28","Zea mays subsp. parviglumis","none","Parviglumis","Parviglumis","Zea mays subsp. parviglumis"
"MGB_CI28_control","6D3","control","MGB_CI28","MGBCI28","Zea mays subsp. parviglumis","none","Parviglumis","Parviglumis","Zea mays subsp. parviglumis"
"MGB_CI29_chilling","6D4","chilling","MGB_CI29","MGBCI29","Zea mays subsp. parviglumis","none","Parviglumis","Parviglumis","Zea mays subsp. parviglumis"
"MGB_CI29_cold","6D4","cold","MGB_CI29","MGBCI29","Zea mays subsp. parviglumis","none","Parviglumis","Parviglumis","Zea mays subsp. parviglumis"
"MGB_CI29_control","6D4","control","MGB_CI29","MGBCI29","Zea mays subsp. parviglumis","none","Parviglumis","Parviglumis","Zea mays subsp. parviglumis"
"MGB_CI2_chilling","6B2","chilling","MGB_CI2","MGBCI2","Zea mays subsp. mexicana","none","Mexicana","Mexicana","Zea mays subsp. mexicana"
"MGB_CI2_cold","6B2","cold","MGB_CI2","MGBCI2","Zea mays subsp. mexicana","none","Mexicana","Mexicana","Zea mays subsp. mexicana"
"MGB_CI2_control","6B2","control","MGB_CI2","MGBCI2","Zea mays subsp. mexicana","none","Mexicana","Mexicana","Zea mays subsp. mexicana"
"MGB_CI30_chilling","6D5","chilling","MGB_CI30","MGBCI30","Zea mays subsp. parviglumis","none","Parviglumis","Parviglumis","Zea mays subsp. parviglumis"
"MGB_CI30_cold","6D5","cold","MGB_CI30","MGBCI30","Zea mays subsp. parviglumis","none","Parviglumis","Parviglumis","Zea mays subsp. parviglumis"
"MGB_CI30_control","6D5","control","MGB_CI30","MGBCI30","Zea mays subsp. parviglumis","none","Parviglumis","Parviglumis","Zea mays subsp. parviglumis"
"MGB_CI38_chilling","6D8","chilling","MGB_CI38","MGBCI38","Zea mays subsp. parviglumis","none","Parviglumis","Parviglumis","Zea mays subsp. parviglumis"
"MGB_CI38_cold","6D8","cold","MGB_CI38","MGBCI38","Zea mays subsp. parviglumis","none","Parviglumis","Parviglumis","Zea mays subsp. parviglumis"
"MGB_CI39_chilling","6D9","chilling","MGB_CI39","MGBCI39","Zea mays subsp. parviglumis","none","Parviglumis","Parviglumis","Zea mays subsp. parviglumis"
"MGB_CI39_cold","6D9","cold","MGB_CI39","MGBCI39","Zea mays subsp. parviglumis","none","Parviglumis","Parviglumis","Zea mays subsp. parviglumis"
"MGB_CI39_control","6D9","control","MGB_CI39","MGBCI39","Zea mays subsp. parviglumis","none","Parviglumis","Parviglumis","Zea mays subsp. parviglumis"
"MGB_CI3_chilling","6B3","chilling","MGB_CI3","MGBCI3","Zea mays subsp. mexicana","none","Mexicana","Mexicana","Zea mays subsp. mexicana"
"MGB_CI3_cold","6B3","cold","MGB_CI3","MGBCI3","Zea mays subsp. mexicana","none","Mexicana","Mexicana","Zea mays subsp. mexicana"
"MGB_CI3_control","6B3","control","MGB_CI3","MGBCI3","Zea mays subsp. mexicana","none","Mexicana","Mexicana","Zea mays subsp. mexicana"
"MGB_CI42_chilling","6D12","chilling","MGB_CI42","MGBCI42","Zea mays subsp. parviglumis","none","Parviglumis","Parviglumis","Zea mays subsp. parviglumis"
"MGB_CI42_cold","6D12","cold","MGB_CI42","MGBCI42","Zea mays subsp. parviglumis","none","Parviglumis","Parviglumis","Zea mays subsp. parviglumis"
"MGB_CI4_chilling","6B4","chilling","MGB_CI4","MGBCI4","Zea mays subsp. mexicana","none","Mexicana","Mexicana","Zea mays subsp. mexicana"
"MGB_CI4_cold","6B4","cold","MGB_CI4","MGBCI4","Zea mays subsp. mexicana","none","Mexicana","Mexicana","Zea mays subsp. mexicana"
"MGB_CI4_control","6B4","control","MGB_CI4","MGBCI4","Zea mays subsp. mexicana","none","Mexicana","Mexicana","Zea mays subsp. mexicana"
"MGB_CI5_chilling","6B5","chilling","MGB_CI5","MGBCI5","Zea mays subsp. mexicana","none","Mexicana","Mexicana","Zea mays subsp. mexicana"
"MGB_CI5_cold","6B5","cold","MGB_CI5","MGBCI5","Zea mays subsp. mexicana","none","Mexicana","Mexicana","Zea mays subsp. mexicana"
"MGB_CI5_control","6B5","control","MGB_CI5","MGBCI5","Zea mays subsp. mexicana","none","Mexicana","Mexicana","Zea mays subsp. mexicana"
"MGB_CI6_chilling","6B6","chilling","MGB_CI6","MGBCI6","Zea mays subsp. mexicana","none","Mexicana","Mexicana","Zea mays subsp. mexicana"
"MGB_CI6_cold","6B6","cold","MGB_CI6","MGBCI6","Zea mays subsp. mexicana","none","Mexicana","Mexicana","Zea mays subsp. mexicana"
"MGB_CI6_control","6B6","control","MGB_CI6","MGBCI6","Zea mays subsp. mexicana","none","Mexicana","Mexicana","Zea mays subsp. mexicana"
"ML606_chilling","ML606","chilling","ML606","ML606","NSS",NA,"NSS","US","NSS_NA_US"
"ML606_cold","ML606","cold","ML606","ML606","NSS",NA,"NSS","US","NSS_NA_US"
"ML606_control","ML606","control","ML606","ML606","NSS",NA,"NSS","US","NSS_NA_US"
"MO1W_chilling","Mo1W","chilling","MO1W","Mo1W","NSS","I","NSS","US","NSS_I_US"
"MO1W_cold","Mo1W","cold","MO1W","Mo1W","NSS","I","NSS","US","NSS_I_US"
"MO1W_control","Mo1W","control","MO1W","Mo1W","NSS","I","NSS","US","NSS_I_US"
"Malopolanka_chilling",NA,"chilling","Malopolanka","Malopolanka",NA,NA,"Landrace",NA,"Landrace_NA_NA"
"Malopolanka_cold",NA,"cold","Malopolanka","Malopolanka",NA,NA,"Landrace",NA,"Landrace_NA_NA"
"Malopolanka_control",NA,"control","Malopolanka","Malopolanka",NA,NA,"Landrace",NA,"Landrace_NA_NA"
"Mieszko_chilling",NA,"chilling","Mieszko","Mieszko",NA,NA,"Landrace",NA,"Landrace_NA_NA"
"Mieszko_cold",NA,"cold","Mieszko","Mieszko",NA,NA,"Landrace",NA,"Landrace_NA_NA"
"Mieszko_control",NA,"control","Mieszko","Mieszko",NA,NA,"Landrace",NA,"Landrace_NA_NA"
"Mo24W_chilling","Mo24W","chilling","Mo24W","Mo24W","Broad origin-public","I","mix",NA,"mix_I_NA"
"Mp339_chilling","Mp339","chilling","Mp339","Mp339","Mixed","","mix",NA,"mix__NA"
"N192_cold","N192","cold","N192","N192","SS",NA,"SS","US","SS_NA_US"
"N192_control","N192","control","N192","N192","SS",NA,"SS","US","SS_NA_US"
"N28Ht_chilling","N28Ht","chilling","N28Ht","N28Ht","SS","I","mix",NA,"mix_I_NA"
"N28Ht_cold","N28Ht","cold","N28Ht","N28Ht","SS","I","mix",NA,"mix_I_NA"
"N28Ht_control","N28Ht","control","N28Ht","N28Ht","SS","I","mix",NA,"mix_I_NA"
"N6_chilling","N6","chilling","N6","N6","NSS","I","NSS","US","NSS_I_US"
"NC222_chilling","NC222","chilling","NC222","NC222","Landrace",NA,"NSS","US","NSS_NA_US"
"NC222_control","NC222","control","NC222","NC222","Landrace",NA,"NSS","US","NSS_NA_US"
"NC230_chilling","NC230","chilling","NC230","NC230","Mixed","I","NSS","US","NSS_I_US"
"NC230_cold","NC230","cold","NC230","NC230","Mixed","I","NSS","US","NSS_I_US"
"NC230_control","NC230","control","NC230","NC230","Mixed","I","NSS","US","NSS_I_US"
"NC250_chilling","NC250","chilling","NC250","NC250","SS","I","SS","US","SS_I_US"
"NC250_chilling_2","NC250","chilling","NC250","NC250","SS","I","SS","US","SS_I_US"
"NC260_control","NC260","control","NC260","NC260","Broad origin-public","I","NSS","US","NSS_I_US"
"NC264_chilling","NC264","chilling","NC264","NC264","Tropical","I","Tropical","Mexico","Tropical"
"NC264_cold","NC264","cold","NC264","NC264","Tropical","I","Tropical","Mexico","Tropical"
"NC264_control","NC264","control","NC264","NC264","Tropical","I","Tropical","Mexico","Tropical"
"NC290A_chilling","NC290A","chilling","NC290A","NC290A","Popcorn","I","mix",NA,"mix_I_NA"
"NC290A_cold","NC290A","cold","NC290A","NC290A","Popcorn","I","mix",NA,"mix_I_NA"
"NC290A_control","NC290A","control","NC290A","NC290A","Popcorn","I","mix",NA,"mix_I_NA"
"NC294_chilling","NC294","chilling","NC294","NC294","SS","I","SS","US","SS_I_US"
"NC294_cold","NC294","cold","NC294","NC294","SS","I","SS","US","SS_I_US"
"NC294_control","NC294","control","NC294","NC294","SS","I","SS","US","SS_I_US"
"NC296_chilling","NC296","chilling","NC296","NC296","Tropical",NA,"Tropical","Mexico","Tropical"
"NC296_cold","NC296","cold","NC296","NC296","Tropical",NA,"Tropical","Mexico","Tropical"
"NC296_control","NC296","control","NC296","NC296","Tropical",NA,"Tropical","Mexico","Tropical"
"NC310_chilling","NC310","chilling","NC310","NC310","SS","I","SS","US","SS_I_US"
"NC310_cold","NC310","cold","NC310","NC310","SS","I","SS","US","SS_I_US"
"NC314_chilling","NC314","chilling","NC314","NC314","SS",NA,"SS","US","SS_NA_US"
"NC314_cold","NC314","cold","NC314","NC314","SS",NA,"SS","US","SS_NA_US"
"NC314_control","NC314","control","NC314","NC314","SS",NA,"SS","US","SS_NA_US"
"NC326_chilling","NC326","chilling","NC326","NC326","SS","I","SS","US","SS_I_US"
"NC326_cold","NC326","cold","NC326","NC326","SS","I","SS","US","SS_I_US"
"NC326_control","NC326","control","NC326","NC326","SS","I","SS","US","SS_I_US"
"NC336_cold","NC336","cold","NC336","NC336","Tropical",NA,"Tropical","Mexico","Tropical"
"NC338_control","NC338","control","NC338","NC338","Tropical","I","Tropical","Mexico","Tropical"
"NC33_chilling","NC33","chilling","NC33","NC33","NSS",NA,"mix",NA,"mix_NA_NA"
"NC33_chilling_2","NC33","chilling","NC33","NC33","NSS",NA,"mix",NA,"mix_NA_NA"
"NC33_cold","NC33","cold","NC33","NC33","NSS",NA,"mix",NA,"mix_NA_NA"
"NC33_cold_2","NC33","cold","NC33","NC33","NSS",NA,"mix",NA,"mix_NA_NA"
"NC33_control","NC33","control","NC33","NC33","NSS",NA,"mix",NA,"mix_NA_NA"
"NC33_control_2","NC33","control","NC33","NC33","NSS",NA,"mix",NA,"mix_NA_NA"
"NC340_chilling","NC340","chilling","NC340","NC340","Tropical","I","Tropical","Mexico","Tropical"
"NC342_chilling","NC342","chilling","NC342","NC342","Mixed","I","NSS","US","NSS_I_US"
"NC342_cold","NC342","cold","NC342","NC342","Mixed","I","NSS","US","NSS_I_US"
"NC342_control","NC342","control","NC342","NC342","Mixed","I","NSS","US","NSS_I_US"
"NC350_chilling","NC350","chilling","NC350","NC350","Tropical","I","Tropical","Mexico","Tropical"
"NC350_chilling_2","NC350","chilling","NC350","NC350","Tropical","I","Tropical","Mexico","Tropical"
"NC350_cold","NC350","cold","NC350","NC350","Tropical","I","Tropical","Mexico","Tropical"
"NC350_cold_2","NC350","cold","NC350","NC350","Tropical","I","Tropical","Mexico","Tropical"
"NC350_control","NC350","control","NC350","NC350","Tropical","I","Tropical","Mexico","Tropical"
"NC350_control_2","NC350","control","NC350","NC350","Tropical","I","Tropical","Mexico","Tropical"
"NC360_chilling","NC360","chilling","NC360","NC360","Mixed",NA,"Tropical","Mexico","Tropical"
"NC360_cold","NC360","cold","NC360","NC360","Mixed",NA,"Tropical","Mexico","Tropical"
"NC360_control","NC360","control","NC360","NC360","Mixed",NA,"Tropical","Mexico","Tropical"
"NC362_chilling","NC362","chilling","NC362","NC362","Popcorn","I","Tropical","Mexico","Tropical"
"NC362_cold","NC362","cold","NC362","NC362","Popcorn","I","Tropical","Mexico","Tropical"
"NC362_control","NC362","control","NC362","NC362","Popcorn","I","Tropical","Mexico","Tropical"
"NC366_chilling","NC366","chilling","NC366","NC366","Mixed",NA,"Tropical","Mexico","Tropical"
"NC366_cold","NC366","cold","NC366","NC366","Mixed",NA,"Tropical","Mexico","Tropical"
"NC366_control","NC366","control","NC366","NC366","Mixed",NA,"Tropical","Mexico","Tropical"
"NS501_chilling","NS501","chilling","NS501","NS501","IDT","II","mix",NA,"mix_II_NA"
"NS501_control","NS501","control","NS501","NS501","IDT","II","mix",NA,"mix_II_NA"
"NS701_chilling","NS701","chilling","NS701","NS701","SS","II","SS","US","SS_II_US"
"NS701_cold","NS701","cold","NS701","NS701","SS","II","SS","US","SS_II_US"
"NS701_control","NS701","control","NS701","NS701","SS","II","SS","US","SS_II_US"
"Neuzucht_Kaatz_cold",NA,"cold","Neuzucht_Kaatz","NeuzuchtKaatz",NA,NA,"Landrace",NA,"Landrace_NA_NA"
"Neuzucht_Kaatz_control",NA,"control","Neuzucht_Kaatz","NeuzuchtKaatz",NA,NA,"Landrace",NA,"Landrace_NA_NA"
"OH7_chilling","Oh7","chilling","OH7","Oh7","Mixed","I","NSS","US","NSS_I_US"
"OH7_cold","Oh7","cold","OH7","Oh7","Mixed","I","NSS","US","NSS_I_US"
"OH7_control","Oh7","control","OH7","Oh7","Mixed","I","NSS","US","NSS_I_US"
"Oh40B_chilling","Oh40B","chilling","Oh40B","Oh40B","NSS","I","NSS","US","NSS_I_US"
"Oh40B_cold","Oh40B","cold","Oh40B","Oh40B","NSS","I","NSS","US","NSS_I_US"
"Oh40B_control","Oh40B","control","Oh40B","Oh40B","NSS","I","NSS","US","NSS_I_US"
"Oh43E_chilling","Oh43E","chilling","Oh43E","Oh43E","NSS","I","NSS","US","NSS_I_US"
"Oh43E_cold","Oh43E","cold","Oh43E","Oh43E","NSS","I","NSS","US","NSS_I_US"
"Oh43E_control","Oh43E","control","Oh43E","Oh43E","NSS","I","NSS","US","NSS_I_US"
"Oh43_chilling","Oh43","chilling","Oh43","Oh43","NSS","I","NSS","US","NSS_I_US"
"Oh43_cold","Oh43","cold","Oh43","Oh43","NSS","I","NSS","US","NSS_I_US"
"Oh43_control","Oh43","control","Oh43","Oh43","NSS","I","NSS","US","NSS_I_US"
"Oh7B_chilling","Oh7B","chilling","Oh7B","Oh7B","NSS","I","NSS","US","NSS_I_US"
"Oh7B_control","Oh7B","control","Oh7B","Oh7B","NSS","I","NSS","US","NSS_I_US"
"Oksonska_chilling",NA,"chilling","Oksonska","Oksonska",NA,NA,"Landrace",NA,"Landrace_NA_NA"
"Oksonska_cold",NA,"cold","Oksonska","Oksonska",NA,NA,"Landrace",NA,"Landrace_NA_NA"
"Oksonska_control",NA,"control","Oksonska","Oksonska",NA,NA,"Landrace",NA,"Landrace_NA_NA"
"PHB47_chilling","PHB47","chilling","PHB47","PHB47","SS","II","SS","US","SS_II_US"
"PHB47_cold","PHB47","cold","PHB47","PHB47","SS","II","SS","US","SS_II_US"
"PHB47_control","PHB47","control","PHB47","PHB47","SS","II","SS","US","SS_II_US"
"PHG35_chilling","PHG35","chilling","PHG35","PHG35","Mixed","II","mix",NA,"mix_II_NA"
"PHG35_cold","PHG35","cold","PHG35","PHG35","Mixed","II","mix",NA,"mix_II_NA"
"PHG50_chilling","PHG50","chilling","PHG50","PHG50","IDT","II","Iodent","US","Iodent_II_US"
"PHG71_chilling","PHG71","chilling","PHG71","PHG71","SS","II","Iodent","US","Iodent_II_US"
"PHG71_cold","PHG71","cold","PHG71","PHG71","SS","II","Iodent","US","Iodent_II_US"
"PHG71_control","PHG71","control","PHG71","PHG71","SS","II","Iodent","US","Iodent_II_US"
"PHG86_cold","PHG86","cold","PHG86","PHG86","Mixed","II","SS","US","SS_II_US"
"PHJ40_chilling","PHJ40","chilling","PHJ40","PHJ40","SS","II","NSS","US","NSS_II_US"
"PHJ40_cold","PHJ40","cold","PHJ40","PHJ40","SS","II","NSS","US","NSS_II_US"
"PHJ40_control","PHJ40","control","PHJ40","PHJ40","SS","II","NSS","US","NSS_II_US"
"PHT10_chilling","PHT10","chilling","PHT10","PHT10","SS","II","SS","US","SS_II_US"
"PHT10_cold","PHT10","cold","PHT10","PHT10","SS","II","SS","US","SS_II_US"
"PHT10_control","PHT10","control","PHT10","PHT10","SS","II","SS","US","SS_II_US"
"PHT77_chilling","PHT77","chilling","PHT77","PHT77","NSS","II","SS","US","SS_II_US"
"PHT77_cold","PHT77","cold","PHT77","PHT77","NSS","II","SS","US","SS_II_US"
"PHW17_chilling","PHW17","chilling","PHW17","PHW17","SS","II","SS","US","SS_II_US"
"PHW17_cold","PHW17","cold","PHW17","PHW17","SS","II","SS","US","SS_II_US"
"PHW17_control","PHW17","control","PHW17","PHW17","SS","II","SS","US","SS_II_US"
"PHWG5_chilling","PHWG5","chilling","PHWG5","PHWG5","NSS","II","NSS","US","NSS_II_US"
"PHWG5_control","PHWG5","control","PHWG5","PHWG5","NSS","II","NSS","US","NSS_II_US"
"Pa762_cold","Pa762","cold","Pa762","Pa762","NSS","I","NSS","US","NSS_I_US"
"Pa762_cold_2","Pa762","cold","Pa762","Pa762","NSS","I","NSS","US","NSS_I_US"
"Pa762_control","Pa762","control","Pa762","Pa762","NSS","I","NSS","US","NSS_I_US"
"Pa762_control_2","Pa762","control","Pa762","Pa762","NSS","I","NSS","US","NSS_I_US"
"Pa875_chilling","Pa875","chilling","Pa875","Pa875","NSS",NA,"mix",NA,"mix_NA_NA"
"Pa875_cold","Pa875","cold","Pa875","Pa875","NSS",NA,"mix",NA,"mix_NA_NA"
"Pa875_control","Pa875","control","Pa875","Pa875","NSS",NA,"mix",NA,"mix_NA_NA"
"Pa880_cold","Pa880","cold","Pa880","Pa880","Mixed","I","NSS","US","NSS_I_US"
"Pa880_control","Pa880","control","Pa880","Pa880","Mixed","I","NSS","US","NSS_I_US"
"Pa91_chilling","Pa91","chilling","Pa91","Pa91","NSS","I","NSS","US","NSS_I_US"
"Pa91_cold","Pa91","cold","Pa91","Pa91","NSS","I","NSS","US","NSS_I_US"
"Pa91_control","Pa91","control","Pa91","Pa91","NSS","I","NSS","US","NSS_I_US"
"Przebedowska_Biala_chilling",NA,"chilling","Przebedowska_Biala","PrzebedowskaBiala",NA,NA,"Landrace",NA,"Landrace_NA_NA"
"Przebedowska_Biala_cold",NA,"cold","Przebedowska_Biala","PrzebedowskaBiala",NA,NA,"Landrace",NA,"Landrace_NA_NA"
"Przebedowska_Biala_control",NA,"control","Przebedowska_Biala","PrzebedowskaBiala",NA,NA,"Landrace",NA,"Landrace_NA_NA"
"Przebedowska_Bursztynowa_cold",NA,"cold","Przebedowska_Bursztynowa","PrzebedowskaBursztynowa",NA,NA,"Landrace",NA,"Landrace_NA_NA"
"Przebedowska_Bursztynowa_control",NA,"control","Przebedowska_Bursztynowa","PrzebedowskaBursztynowa",NA,NA,"Landrace",NA,"Landrace_NA_NA"
"Pulawska_Zolta_chilling",NA,"chilling","Pulawska_Zolta","PulawskaZolta",NA,NA,"Landrace",NA,"Landrace_NA_NA"
"Pulawska_Zolta_cold",NA,"cold","Pulawska_Zolta","PulawskaZolta",NA,NA,"Landrace",NA,"Landrace_NA_NA"
"Pulawska_Zolta_control",NA,"control","Pulawska_Zolta","PulawskaZolta",NA,NA,"Landrace",NA,"Landrace_NA_NA"
"R229_chilling","R229","chilling","R229","R229","SS","I","SS","US","SS_I_US"
"R229_control","R229","control","R229","R229","SS","I","SS","US","SS_I_US"
"Rottaler_Silomais_chilling",NA,"chilling","Rottaler_Silomais","RottalerSilomais",NA,NA,"Landrace",NA,"Landrace_NA_NA"
"Rottaler_Silomais_cold",NA,"cold","Rottaler_Silomais","RottalerSilomais",NA,NA,"Landrace",NA,"Landrace_NA_NA"
"Rottaler_Silomais_control",NA,"control","Rottaler_Silomais","RottalerSilomais",NA,NA,"Landrace",NA,"Landrace_NA_NA"
"Ryzowa_Pulawska_chilling",NA,"chilling","Ryzowa_Pulawska","RyzowaPulawska",NA,NA,"Landrace",NA,"Landrace_NA_NA"
"Ryzowa_Pulawska_cold",NA,"cold","Ryzowa_Pulawska","RyzowaPulawska",NA,NA,"Landrace",NA,"Landrace_NA_NA"
"Ryzowa_Pulawska_control",NA,"control","Ryzowa_Pulawska","RyzowaPulawska",NA,NA,"Landrace",NA,"Landrace_NA_NA"
"S014290_chilling","S014290","chilling","S014290","S014290","Polskie","II","Iodent","Poland","Iodent_II_Poland"
"S014290_cold","S014290","cold","S014290","S014290","Polskie","II","Iodent","Poland","Iodent_II_Poland"
"S014290_control","S014290","control","S014290","S014290","Polskie","II","Iodent","Poland","Iodent_II_Poland"
"S014393_2_chilling","S014393_2","chilling","S014393_2","S0143932","Polskie","II","Iodent","Poland","Iodent_II_Poland"
"S014393_2_cold","S014393_2","cold","S014393_2","S0143932","Polskie","II","Iodent","Poland","Iodent_II_Poland"
"S014393_2_control","S014393_2","control","S014393_2","S0143932","Polskie","II","Iodent","Poland","Iodent_II_Poland"
"S014393_3_chilling","S014393_3","chilling","S014393_3","S0143933","Polskie","II","Iodent","Poland","Iodent_II_Poland"
"S014393_3_cold","S014393_3","cold","S014393_3","S0143933","Polskie","II","Iodent","Poland","Iodent_II_Poland"
"S014393_3_control","S014393_3","control","S014393_3","S0143933","Polskie","II","Iodent","Poland","Iodent_II_Poland"
"S019092_1_chilling","S019092_1","chilling","S019092_1","S0190921","Polskie","II","NSS","Poland","NSS_II_Poland"
"S019092_1_cold","S019092_1","cold","S019092_1","S0190921","Polskie","II","NSS","Poland","NSS_II_Poland"
"S019092_1_control","S019092_1","control","S019092_1","S0190921","Polskie","II","NSS","Poland","NSS_II_Poland"
"S022237A1_chilling","S022237A1","chilling","S022237A1","S022237A1","Polskie","II","NSS","Poland","NSS_II_Poland"
"S022237A1_cold","S022237A1","cold","S022237A1","S022237A1","Polskie","II","NSS","Poland","NSS_II_Poland"
"S022237A1_control","S022237A1","control","S022237A1","S022237A1","Polskie","II","NSS","Poland","NSS_II_Poland"
"S022588_cold","S022588","cold","S022588","S022588","Polskie","II","NSS","Poland","NSS_II_Poland"
"S022588_control","S022588","control","S022588","S022588","Polskie","II","NSS","Poland","NSS_II_Poland"
"S024136_chilling","S024136","chilling","S024136","S024136","Polskie","II","Iodent","Poland","Iodent_II_Poland"
"S024136_cold","S024136","cold","S024136","S024136","Polskie","II","Iodent","Poland","Iodent_II_Poland"
"S024136_control","S024136","control","S024136","S024136","Polskie","II","Iodent","Poland","Iodent_II_Poland"
"S03199_chilling","S03199","chilling","S03199","S03199","Polskie","II","Iodent","Poland","Iodent_II_Poland"
"S03199_cold","S03199","cold","S03199","S03199","Polskie","II","Iodent","Poland","Iodent_II_Poland"
"S03199_control","S03199","control","S03199","S03199","Polskie","II","Iodent","Poland","Iodent_II_Poland"
"S03729A_chilling","S03729A","chilling","S03729A","S03729A","Polskie","II","mix","Poland","mix_II_Poland"
"S03729A_cold","S03729A","cold","S03729A","S03729A","Polskie","II","mix","Poland","mix_II_Poland"
"S040299A2_chilling","S040299A2","chilling","S040299A2","S040299A2","Polskie","II","Iodent","Poland","Iodent_II_Poland"
"S040299A2_control","S040299A2","control","S040299A2","S040299A2","Polskie","II","Iodent","Poland","Iodent_II_Poland"
"S040464A_chilling","S040464A","chilling","S040464A","S040464A","Polskie","II","Iodent","Poland","Iodent_II_Poland"
"S040464A_cold","S040464A","cold","S040464A","S040464A","Polskie","II","Iodent","Poland","Iodent_II_Poland"
"S040464A_control","S040464A","control","S040464A","S040464A","Polskie","II","Iodent","Poland","Iodent_II_Poland"
"S041844_chilling","S041844","chilling","S041844","S041844","Polskie","II","Iodent","Poland","Iodent_II_Poland"
"S041844_cold","S041844","cold","S041844","S041844","Polskie","II","Iodent","Poland","Iodent_II_Poland"
"S041844_control","S041844","control","S041844","S041844","Polskie","II","Iodent","Poland","Iodent_II_Poland"
"S046306_chilling","S046306","chilling","S046306","S046306","Polskie","II","Iodent","Poland","Iodent_II_Poland"
"S046306_cold","S046306","cold","S046306","S046306","Polskie","II","Iodent","Poland","Iodent_II_Poland"
"S046306_control","S046306","control","S046306","S046306","Polskie","II","Iodent","Poland","Iodent_II_Poland"
"S046392_chilling","S046392","chilling","S046392","S046392","Polskie","II","Iodent","Poland","Iodent_II_Poland"
"S046392_cold","S046392","cold","S046392","S046392","Polskie","II","Iodent","Poland","Iodent_II_Poland"
"S046392_control","S046392","control","S046392","S046392","Polskie","II","Iodent","Poland","Iodent_II_Poland"
"S052662_chilling","S052662","chilling","S052662","S052662","Polskie","II","Iodent","Poland","Iodent_II_Poland"
"S052662_cold","S052662","cold","S052662","S052662","Polskie","II","Iodent","Poland","Iodent_II_Poland"
"S052662_control","S052662","control","S052662","S052662","Polskie","II","Iodent","Poland","Iodent_II_Poland"
"S06686_chilling","S06686","chilling","S06686","S06686","Polskie","II","Iodent","Poland","Iodent_II_Poland"
"S06686_cold","S06686","cold","S06686","S06686","Polskie","II","Iodent","Poland","Iodent_II_Poland"
"S06686_control","S06686","control","S06686","S06686","Polskie","II","Iodent","Poland","Iodent_II_Poland"
"S06757_chilling","S06757","chilling","S06757","S06757","Polskie","II","Iodent","Poland","Iodent_II_Poland"
"S06757_cold","S06757","cold","S06757","S06757","Polskie","II","Iodent","Poland","Iodent_II_Poland"
"S06757_control","S06757","control","S06757","S06757","Polskie","II","Iodent","Poland","Iodent_II_Poland"
"S06770_chilling","S06770","chilling","S06770","S06770","Polskie","II","Iodent","Poland","Iodent_II_Poland"
"S06770_cold","S06770","cold","S06770","S06770","Polskie","II","Iodent","Poland","Iodent_II_Poland"
"S06770_control","S06770","control","S06770","S06770","Polskie","II","Iodent","Poland","Iodent_II_Poland"
"S06881A_chilling","S06881A","chilling","S06881A","S06881A","Polskie","II","Iodent","Poland","Iodent_II_Poland"
"S06881A_cold","S06881A","cold","S06881A","S06881A","Polskie","II","Iodent","Poland","Iodent_II_Poland"
"S06881A_control","S06881A","control","S06881A","S06881A","Polskie","II","Iodent","Poland","Iodent_II_Poland"
"S09347_cold","S09347","cold","S09347","S09347","Polskie","II","NSS","Poland","NSS_II_Poland"
"S09347_control","S09347","control","S09347","S09347","Polskie","II","NSS","Poland","NSS_II_Poland"
"S12211_21_chilling","S12211_21","chilling","S12211_21","S1221121","Polskie","II","Iodent","Poland","Iodent_II_Poland"
"S12211_21_cold","S12211_21","cold","S12211_21","S1221121","Polskie","II","Iodent","Poland","Iodent_II_Poland"
"S12211_21_control","S12211_21","control","S12211_21","S1221121","Polskie","II","Iodent","Poland","Iodent_II_Poland"
"S12371_2_3_chilling","S12371_2_3","chilling","S12371_2_3","S1237123","Polskie","II","Iodent","Poland","Iodent_II_Poland"
"S12371_2_3_cold","S12371_2_3","cold","S12371_2_3","S1237123","Polskie","II","Iodent","Poland","Iodent_II_Poland"
"S12394_chilling","S12394","chilling","S12394","S12394","Polskie","II","mix","Poland","mix_II_Poland"
"S12394_cold","S12394","cold","S12394","S12394","Polskie","II","mix","Poland","mix_II_Poland"
"S12394_control","S12394","control","S12394","S12394","Polskie","II","mix","Poland","mix_II_Poland"
"S12402_4_4_chilling","S12402_4_4","chilling","S12402_4_4","S1240244","Polskie","II","Iodent","Poland","Iodent_II_Poland"
"S12402_4_4_cold","S12402_4_4","cold","S12402_4_4","S1240244","Polskie","II","Iodent","Poland","Iodent_II_Poland"
"S12402_4_4_control","S12402_4_4","control","S12402_4_4","S1240244","Polskie","II","Iodent","Poland","Iodent_II_Poland"
"S12418_chilling","S12418","chilling","S12418","S12418","Polskie","II","Iodent","Poland","Iodent_II_Poland"
"S12418_cold","S12418","cold","S12418","S12418","Polskie","II","Iodent","Poland","Iodent_II_Poland"
"S12418_control","S12418","control","S12418","S12418","Polskie","II","Iodent","Poland","Iodent_II_Poland"
"S12442_chilling","S12442","chilling","S12442","S12442","Polskie","II","mix","Poland","mix_II_Poland"
"S12442_control","S12442","control","S12442","S12442","Polskie","II","mix","Poland","mix_II_Poland"
"S12544_1_2_2_chilling","S12544_1_2_2","chilling","S12544_1_2_2","S12544122","Polskie","II","Iodent","Poland","Iodent_II_Poland"
"S12544_1_2_2_control","S12544_1_2_2","control","S12544_1_2_2","S12544122","Polskie","II","Iodent","Poland","Iodent_II_Poland"
"S12607_cold","S12607","cold","S12607","S12607","Polskie","II","Iodent","Poland","Iodent_II_Poland"
"S12607_control","S12607","control","S12607","S12607","Polskie","II","Iodent","Poland","Iodent_II_Poland"
"S14036_chilling","S14036","chilling","S14036","S14036","Polskie","II","NSS","Poland","NSS_II_Poland"
"S14036_control","S14036","control","S14036","S14036","Polskie","II","NSS","Poland","NSS_II_Poland"
"S14068A3_chilling","S14068A3","chilling","S14068A3","S14068A3","Polskie","II","NSS","Poland","NSS_II_Poland"
"S14068A3_cold","S14068A3","cold","S14068A3","S14068A3","Polskie","II","NSS","Poland","NSS_II_Poland"
"S14068A3_control","S14068A3","control","S14068A3","S14068A3","Polskie","II","NSS","Poland","NSS_II_Poland"
"S14149_1_chilling",NA,"chilling","S14149_1","S141491",NA,NA,"Landrace",NA,"Landrace_NA_NA"
"S14149_1_cold",NA,"cold","S14149_1","S141491",NA,NA,"Landrace",NA,"Landrace_NA_NA"
"S14189_1_chilling","S14189_1","chilling","S14189_1","S141891","Polskie","II","NSS","Poland","NSS_II_Poland"
"S14189_1_cold","S14189_1","cold","S14189_1","S141891","Polskie","II","NSS","Poland","NSS_II_Poland"
"S14189_1_control","S14189_1","control","S14189_1","S141891","Polskie","II","NSS","Poland","NSS_II_Poland"
"S14189_2_chilling","S14189_2","chilling","S14189_2","S141892","Polskie","II","NSS","Poland","NSS_II_Poland"
"S14189_2_cold","S14189_2","cold","S14189_2","S141892","Polskie","II","NSS","Poland","NSS_II_Poland"
"S14189_2_control","S14189_2","control","S14189_2","S141892","Polskie","II","NSS","Poland","NSS_II_Poland"
"S14225_1_chilling","S14225_1","chilling","S14225_1","S142251","Polskie","II","Iodent","Poland","Iodent_II_Poland"
"S14225_1_cold","S14225_1","cold","S14225_1","S142251","Polskie","II","Iodent","Poland","Iodent_II_Poland"
"S14225_1_control","S14225_1","control","S14225_1","S142251","Polskie","II","Iodent","Poland","Iodent_II_Poland"
"S14225_2_control","S14225_2","control","S14225_2","S142252","Polskie","II","Iodent","Poland","Iodent_II_Poland"
"S14225_3_chilling","S14225_3","chilling","S14225_3","S142253","Polskie","II","Iodent","Poland","Iodent_II_Poland"
"S14225_3_cold","S14225_3","cold","S14225_3","S142253","Polskie","II","Iodent","Poland","Iodent_II_Poland"
"S14225_3_control","S14225_3","control","S14225_3","S142253","Polskie","II","Iodent","Poland","Iodent_II_Poland"
"S14237_chilling","S14237","chilling","S14237","S14237","Polskie","II","Iodent","Poland","Iodent_II_Poland"
"S14237_cold","S14237","cold","S14237","S14237","Polskie","II","Iodent","Poland","Iodent_II_Poland"
"S14237_control","S14237","control","S14237","S14237","Polskie","II","Iodent","Poland","Iodent_II_Poland"
"S15153A_3_chilling","S15153A_3","chilling","S15153A_3","S15153A3","Polskie","II","NSS","Poland","NSS_II_Poland"
"S15153A_3_cold","S15153A_3","cold","S15153A_3","S15153A3","Polskie","II","NSS","Poland","NSS_II_Poland"
"S15153A_3_control","S15153A_3","control","S15153A_3","S15153A3","Polskie","II","NSS","Poland","NSS_II_Poland"
"S152_chilling","S152","chilling","S152","S152","Polskie","I","NSS","Poland","NSS_I_Poland"
"S152_cold","S152","cold","S152","S152","Polskie","I","NSS","Poland","NSS_I_Poland"
"S152_control","S152","control","S152","S152","Polskie","I","NSS","Poland","NSS_I_Poland"
"S160_cold","S160","cold","S160","S160","Polskie","I","mix","Poland","mix_I_Poland"
"S160_control","S160","control","S160","S160","Polskie","I","mix","Poland","mix_I_Poland"
"S160_control_2","S160","control","S160","S160","Polskie","I","mix","Poland","mix_I_Poland"
"S16410_chilling","S16410","chilling","S16410","S16410","Polskie","II","Iodent","Poland","Iodent_II_Poland"
"S16410_cold","S16410","cold","S16410","S16410","Polskie","II","Iodent","Poland","Iodent_II_Poland"
"S16410_control","S16410","control","S16410","S16410","Polskie","II","Iodent","Poland","Iodent_II_Poland"
"S16445_3_chilling","S16445_3","chilling","S16445_3","S164453","Polskie","II","Iodent","Poland","Iodent_II_Poland"
"S16445_3_cold","S16445_3","cold","S16445_3","S164453","Polskie","II","Iodent","Poland","Iodent_II_Poland"
"S16445_3_control","S16445_3","control","S16445_3","S164453","Polskie","II","Iodent","Poland","Iodent_II_Poland"
"S16448A_chilling","S16448A","chilling","S16448A","S16448A","Polskie","II","Iodent","Poland","Iodent_II_Poland"
"S16448A_cold","S16448A","cold","S16448A","S16448A","Polskie","II","Iodent","Poland","Iodent_II_Poland"
"S16448A_control","S16448A","control","S16448A","S16448A","Polskie","II","Iodent","Poland","Iodent_II_Poland"
"S16567A_chilling","S16567A","chilling","S16567A","S16567A","Polskie","II","Iodent","Poland","Iodent_II_Poland"
"S16567A_cold","S16567A","cold","S16567A","S16567A","Polskie","II","Iodent","Poland","Iodent_II_Poland"
"S16582A_chilling","S16582A","chilling","S16582A","S16582A","Polskie","II","Iodent","Poland","Iodent_II_Poland"
"S16582A_cold","S16582A","cold","S16582A","S16582A","Polskie","II","Iodent","Poland","Iodent_II_Poland"
"S16582A_control","S16582A","control","S16582A","S16582A","Polskie","II","Iodent","Poland","Iodent_II_Poland"
"S17030_chilling","S17030","chilling","S17030","S17030","Polskie","II","NSS","Poland","NSS_II_Poland"
"S17030_cold","S17030","cold","S17030","S17030","Polskie","II","NSS","Poland","NSS_II_Poland"
"S17030_control","S17030","control","S17030","S17030","Polskie","II","NSS","Poland","NSS_II_Poland"
"S17041_chilling","S17041","chilling","S17041","S17041","Polskie","II","NSS","Poland","NSS_II_Poland"
"S17041_cold","S17041","cold","S17041","S17041","Polskie","II","NSS","Poland","NSS_II_Poland"
"S17041_control","S17041","control","S17041","S17041","Polskie","II","NSS","Poland","NSS_II_Poland"
"S17123_2_chilling","S17123_2","chilling","S17123_2","S171232","Polskie","II","NSS","Poland","NSS_II_Poland"
"S17123_2_cold","S17123_2","cold","S17123_2","S171232","Polskie","II","NSS","Poland","NSS_II_Poland"
"S17123_2_control","S17123_2","control","S17123_2","S171232","Polskie","II","NSS","Poland","NSS_II_Poland"
"S17134_chilling","S17134","chilling","S17134","S17134","Polskie","II","NSS","Poland","NSS_II_Poland"
"S17134_cold","S17134","cold","S17134","S17134","Polskie","II","NSS","Poland","NSS_II_Poland"
"S17134_control","S17134","control","S17134","S17134","Polskie","II","NSS","Poland","NSS_II_Poland"
"S17153_1_chilling","S17153_1","chilling","S17153_1","S171531","Polskie","II","NSS","Poland","NSS_II_Poland"
"S17153_1_cold","S17153_1","cold","S17153_1","S171531","Polskie","II","NSS","Poland","NSS_II_Poland"
"S17153_1_control","S17153_1","control","S17153_1","S171531","Polskie","II","NSS","Poland","NSS_II_Poland"
"S245_chilling","S245","chilling","S245","S245","Polskie","I","Iodent","Poland","Iodent_I_Poland"
"S245_cold","S245","cold","S245","S245","Polskie","I","Iodent","Poland","Iodent_I_Poland"
"S245_control","S245","control","S245","S245","Polskie","I","Iodent","Poland","Iodent_I_Poland"
"S284854_chilling","S84854","chilling","S284854","S84854","Polskie","II","Iodent","Poland","Iodent_II_Poland"
"S284854_cold","S84854","cold","S284854","S84854","Polskie","II","Iodent","Poland","Iodent_II_Poland"
"S284854_control","S84854","control","S284854","S84854","Polskie","II","Iodent","Poland","Iodent_II_Poland"
"S299_chilling","S299","chilling","S299","S299","Polskie","I","mix","Poland","mix_I_Poland"
"S299_cold","S299","cold","S299","S299","Polskie","I","mix","Poland","mix_I_Poland"
"S299_control","S299","control","S299","S299","Polskie","I","mix","Poland","mix_I_Poland"
"S336A_chilling","S336A","chilling","S336A","S336A","Polskie","I","Iodent","Poland","Iodent_I_Poland"
"S336A_cold","S336A","cold","S336A","S336A","Polskie","I","Iodent","Poland","Iodent_I_Poland"
"S336A_control","S336A","control","S336A","S336A","Polskie","I","Iodent","Poland","Iodent_I_Poland"
"S40620_chilling","S40620","chilling","S40620","S40620","Polskie","I","Iodent","Poland","Iodent_I_Poland"
"S40620_cold","S40620","cold","S40620","S40620","Polskie","I","Iodent","Poland","Iodent_I_Poland"
"S40620_control","S40620","control","S40620","S40620","Polskie","I","Iodent","Poland","Iodent_I_Poland"
"S41789_cold","S41789","cold","S41789","S41789","Polskie","I","Iodent","Poland","Iodent_I_Poland"
"S41796_chilling","S41796","chilling","S41796","S41796","Polskie","I","Iodent","Poland","Iodent_I_Poland"
"S41796_cold","S41796","cold","S41796","S41796","Polskie","I","Iodent","Poland","Iodent_I_Poland"
"S41796_control","S41796","control","S41796","S41796","Polskie","I","Iodent","Poland","Iodent_I_Poland"
"S50676_chilling","S50676","chilling","S50676","S50676","Polskie","I","Iodent","Poland","Iodent_I_Poland"
"S50676_cold","S50676","cold","S50676","S50676","Polskie","I","Iodent","Poland","Iodent_I_Poland"
"S50676_control","S50676","control","S50676","S50676","Polskie","I","Iodent","Poland","Iodent_I_Poland"
"S54555_chilling","S54555","chilling","S54555","S54555","Polskie","I","Iodent","Poland","Iodent_I_Poland"
"S54555_cold","S54555","cold","S54555","S54555","Polskie","I","Iodent","Poland","Iodent_I_Poland"
"S54555_control","S54555","control","S54555","S54555","Polskie","I","Iodent","Poland","Iodent_I_Poland"
"S54793_chilling","S54793","chilling","S54793","S54793","Polskie","I","Iodent","Poland","Iodent_I_Poland"
"S54793_cold","S54793","cold","S54793","S54793","Polskie","I","Iodent","Poland","Iodent_I_Poland"
"S56125A_chilling","S56125A","chilling","S56125A","S56125A","Polskie","I","Iodent","Poland","Iodent_I_Poland"
"S56125A_cold","S56125A","cold","S56125A","S56125A","Polskie","I","Iodent","Poland","Iodent_I_Poland"
"S56125A_control","S56125A","control","S56125A","S56125A","Polskie","I","Iodent","Poland","Iodent_I_Poland"
"S63648_chilling","S63648","chilling","S63648","S63648","Polskie","I","Iodent","Poland","Iodent_I_Poland"
"S63648_cold","S63648","cold","S63648","S63648","Polskie","I","Iodent","Poland","Iodent_I_Poland"
"S63648_control","S63648","control","S63648","S63648","Polskie","I","Iodent","Poland","Iodent_I_Poland"
"S64411_chilling","S64411","chilling","S64411","S64411","Polskie","I","Iodent","Poland","Iodent_I_Poland"
"S64411_cold","S64411","cold","S64411","S64411","Polskie","I","Iodent","Poland","Iodent_I_Poland"
"S64411_control","S64411","control","S64411","S64411","Polskie","I","Iodent","Poland","Iodent_I_Poland"
"S64417_chilling","S64417","chilling","S64417","S64417","Polskie","I","Iodent","Poland","Iodent_I_Poland"
"S64417_cold","S64417","cold","S64417","S64417","Polskie","I","Iodent","Poland","Iodent_I_Poland"
"S64417_control","S64417","control","S64417","S64417","Polskie","I","Iodent","Poland","Iodent_I_Poland"
"S64423_2_chilling","S64423_2","chilling","S64423_2","S644232","Polskie","I","Iodent","Poland","Iodent_I_Poland"
"S64423_2_cold","S64423_2","cold","S64423_2","S644232","Polskie","I","Iodent","Poland","Iodent_I_Poland"
"S64423_2_control","S64423_2","control","S64423_2","S644232","Polskie","I","Iodent","Poland","Iodent_I_Poland"
"S64423_3_chilling","S64423_3","chilling","S64423_3","S644233","Polskie","I","Iodent","Poland","Iodent_I_Poland"
"S64423_3_cold","S64423_3","cold","S64423_3","S644233","Polskie","I","Iodent","Poland","Iodent_I_Poland"
"S64423_3_control","S64423_3","control","S64423_3","S644233","Polskie","I","Iodent","Poland","Iodent_I_Poland"
"S67697_chilling","S67697","chilling","S67697","S67697","Polskie","II","Iodent","Poland","Iodent_II_Poland"
"S67697_cold","S67697","cold","S67697","S67697","Polskie","II","Iodent","Poland","Iodent_II_Poland"
"S67697_control","S67697","control","S67697","S67697","Polskie","II","Iodent","Poland","Iodent_II_Poland"
"S68313_chilling","S68312","chilling","S68313","S68312","Polskie","II","Iodent","Poland","Iodent_II_Poland"
"S68313_cold","S68312","cold","S68313","S68312","Polskie","II","Iodent","Poland","Iodent_II_Poland"
"S68313_control","S68312","control","S68313","S68312","Polskie","II","Iodent","Poland","Iodent_II_Poland"
"S68315A_chilling","S68315A","chilling","S68315A","S68315A","Polskie","II","Iodent","Poland","Iodent_II_Poland"
"S68315A_cold","S68315A","cold","S68315A","S68315A","Polskie","II","Iodent","Poland","Iodent_II_Poland"
"S68315A_control","S68315A","control","S68315A","S68315A","Polskie","II","Iodent","Poland","Iodent_II_Poland"
"S68911_chilling","S68911","chilling","S68911","S68911","Polskie","I","Iodent","Poland","Iodent_I_Poland"
"S68911_cold","S68911","cold","S68911","S68911","Polskie","I","Iodent","Poland","Iodent_I_Poland"
"S68911_control","S68911","control","S68911","S68911","Polskie","I","Iodent","Poland","Iodent_I_Poland"
"S71533_chilling","S71533","chilling","S71533","S71533","Polskie","II","Iodent","Poland","Iodent_II_Poland"
"S71533_cold","S71533","cold","S71533","S71533","Polskie","II","Iodent","Poland","Iodent_II_Poland"
"S71533_control","S71533","control","S71533","S71533","Polskie","II","Iodent","Poland","Iodent_II_Poland"
"S74002_chilling","S74002","chilling","S74002","S74002","Polskie","II","Iodent","Poland","Iodent_II_Poland"
"S74002_cold","S74002","cold","S74002","S74002","Polskie","II","Iodent","Poland","Iodent_II_Poland"
"S74002_control","S74002","control","S74002","S74002","Polskie","II","Iodent","Poland","Iodent_II_Poland"
"S76671_chilling","S76671","chilling","S76671","S76671","Polskie","II","Iodent","Poland","Iodent_II_Poland"
"S76671_cold","S76671","cold","S76671","S76671","Polskie","II","Iodent","Poland","Iodent_II_Poland"
"S76671_control","S76671","control","S76671","S76671","Polskie","II","Iodent","Poland","Iodent_II_Poland"
"S79292_chilling","S79292","chilling","S79292","S79292","Polskie","II","Iodent","Poland","Iodent_II_Poland"
"S79292_cold","S79292","cold","S79292","S79292","Polskie","II","Iodent","Poland","Iodent_II_Poland"
"S79292_control","S79292","control","S79292","S79292","Polskie","II","Iodent","Poland","Iodent_II_Poland"
"S79621_chilling","S79621","chilling","S79621","S79621","Polskie","II","Iodent","Poland","Iodent_II_Poland"
"S79621_cold","S79621","cold","S79621","S79621","Polskie","II","Iodent","Poland","Iodent_II_Poland"
"S79621_control","S79621","control","S79621","S79621","Polskie","II","Iodent","Poland","Iodent_II_Poland"
"S79757_chilling","S79757","chilling","S79757","S79757","Polskie","II","mix","Poland","mix_II_Poland"
"S79757_cold","S79757","cold","S79757","S79757","Polskie","II","mix","Poland","mix_II_Poland"
"S79757_control","S79757","control","S79757","S79757","Polskie","II","mix","Poland","mix_II_Poland"
"S80660A_chilling","S80660A","chilling","S80660A","S80660A","Polskie","II","NSS","Poland","NSS_II_Poland"
"S80660A_cold","S80660A","cold","S80660A","S80660A","Polskie","II","NSS","Poland","NSS_II_Poland"
"S80660A_control","S80660A","control","S80660A","S80660A","Polskie","II","NSS","Poland","NSS_II_Poland"
"S8236_chilling",NA,"chilling","S8236","S8236",NA,NA,"Landrace",NA,"Landrace_NA_NA"
"S8236_control",NA,"control","S8236","S8236",NA,NA,"Landrace",NA,"Landrace_NA_NA"
"SD44_chilling","SD44","chilling","SD44","SD44","Mixed","I","NSS","US","NSS_I_US"
"SD44_cold","SD44","cold","SD44","SD44","Mixed","I","NSS","US","NSS_I_US"
"SD44_control","SD44","control","SD44","SD44","Mixed","I","NSS","US","NSS_I_US"
"SH0452_119_chilling","SH04_52_119","chilling","SH0452_119","SH0452119","Polskie","II","Iodent","Poland","Iodent_II_Poland"
"SH0452_119_cold","SH04_52_119","cold","SH0452_119","SH0452119","Polskie","II","Iodent","Poland","Iodent_II_Poland"
"SH0452_119_control","SH04_52_119","control","SH0452_119","SH0452119","Polskie","II","Iodent","Poland","Iodent_II_Poland"
"SH12536_3_cold","SH12536_3","cold","SH12536_3","SH125363","Polskie","II","Iodent","Poland","Iodent_II_Poland"
"SH12536_3_control","SH12536_3","control","SH12536_3","SH125363","Polskie","II","Iodent","Poland","Iodent_II_Poland"
"SH12622_2_chilling",NA,"chilling","SH12622_2","SH126222","Polskie","II","Landrace","Poland","Landrace_II_Poland"
"SH12622_2_cold",NA,"cold","SH12622_2","SH126222","Polskie","II","Landrace","Poland","Landrace_II_Poland"
"SH12622_2_control",NA,"control","SH12622_2","SH126222","Polskie","II","Landrace","Poland","Landrace_II_Poland"
"SH13225_1_chilling","SH13255_1","chilling","SH13225_1","SH132551","Polskie","II","NSS","Poland","NSS_II_Poland"
"SH13225_1_cold","SH13255_1","cold","SH13225_1","SH132551","Polskie","II","NSS","Poland","NSS_II_Poland"
"SH13225_1_control","SH13255_1","control","SH13225_1","SH132551","Polskie","II","NSS","Poland","NSS_II_Poland"
"SH14467_9_chilling","SH14467_9","chilling","SH14467_9","SH144679","Polskie","II","Iodent","Poland","Iodent_II_Poland"
"SH14467_9_cold","SH14467_9","cold","SH14467_9","SH144679","Polskie","II","Iodent","Poland","Iodent_II_Poland"
"SH14467_9_control","SH14467_9","control","SH14467_9","SH144679","Polskie","II","Iodent","Poland","Iodent_II_Poland"
"SH14710_8_cold","SH147_10_8","cold","SH14710_8","SH147108","Polskie","II","Iodent","Poland","Iodent_II_Poland"
"SH14710_8_control","SH147_10_8","control","SH14710_8","SH147108","Polskie","II","Iodent","Poland","Iodent_II_Poland"
"SH15405_2_chilling","SH15405_2","chilling","SH15405_2","SH154052","Polskie","II","mix","Poland","mix_II_Poland"
"SH15405_2_cold","SH15405_2","cold","SH15405_2","SH154052","Polskie","II","mix","Poland","mix_II_Poland"
"SH15405_2_control","SH15405_2","control","SH15405_2","SH154052","Polskie","II","mix","Poland","mix_II_Poland"
"SH1708_8_chilling","SH17_08_8","chilling","SH1708_8","SH17088","Polskie","II","Iodent","Poland","Iodent_II_Poland"
"SH1708_8_cold","SH17_08_8","cold","SH1708_8","SH17088","Polskie","II","Iodent","Poland","Iodent_II_Poland"
"SH1708_8_control","SH17_08_8","control","SH1708_8","SH17088","Polskie","II","Iodent","Poland","Iodent_II_Poland"
"SH208_12_chilling","SH2_08_12","chilling","SH208_12","SH20812","Polskie","II","Iodent","Poland","Iodent_II_Poland"
"SH208_12_cold","SH2_08_12","cold","SH208_12","SH20812","Polskie","II","Iodent","Poland","Iodent_II_Poland"
"SH208_12_control","SH2_08_12","control","SH208_12","SH20812","Polskie","II","Iodent","Poland","Iodent_II_Poland"
"SH2607_10_chilling","SH26_07_10","chilling","SH2607_10","SH260710","Polskie","II","Iodent","Poland","Iodent_II_Poland"
"SH2607_10_cold","SH26_07_10","cold","SH2607_10","SH260710","Polskie","II","Iodent","Poland","Iodent_II_Poland"
"SH2607_10_control","SH26_07_10","control","SH2607_10","SH260710","Polskie","II","Iodent","Poland","Iodent_II_Poland"
"SH2707_22_chilling","SH27_07_22","chilling","SH2707_22","SH270722","Polskie","II","Iodent","Poland","Iodent_II_Poland"
"SH2707_22_cold","SH27_07_22","cold","SH2707_22","SH270722","Polskie","II","Iodent","Poland","Iodent_II_Poland"
"SH2707_22_control","SH27_07_22","control","SH2707_22","SH270722","Polskie","II","Iodent","Poland","Iodent_II_Poland"
"SH2707_7_chilling","SH27_07_7","chilling","SH2707_7","SH27077","Polskie","II","Iodent","Poland","Iodent_II_Poland"
"SH2707_7_cold","SH27_07_7","cold","SH2707_7","SH27077","Polskie","II","Iodent","Poland","Iodent_II_Poland"
"SH2707_7_control","SH27_07_7","control","SH2707_7","SH27077","Polskie","II","Iodent","Poland","Iodent_II_Poland"
"SH3208_17_chilling","SH32_08_17","chilling","SH3208_17","SH320817","Polskie","II","NSS","Poland","NSS_II_Poland"
"SH3208_17_cold","SH32_08_17","cold","SH3208_17","SH320817","Polskie","II","NSS","Poland","NSS_II_Poland"
"SH3208_17_control","SH32_08_17","control","SH3208_17","SH320817","Polskie","II","NSS","Poland","NSS_II_Poland"
"SH408_52_chilling","SH4_08_52","chilling","SH408_52","SH40852","Polskie","II","Iodent","Poland","Iodent_II_Poland"
"SH408_52_cold","SH4_08_52","cold","SH408_52","SH40852","Polskie","II","Iodent","Poland","Iodent_II_Poland"
"SH408_52_control","SH4_08_52","control","SH408_52","SH40852","Polskie","II","Iodent","Poland","Iodent_II_Poland"
"SR14259_23_chilling","SR14259_23","chilling","SR14259_23","SR1425923","Polskie","II","Iodent","Poland","Iodent_II_Poland"
"SR14259_23_cold","SR14259_23","cold","SR14259_23","SR1425923","Polskie","II","Iodent","Poland","Iodent_II_Poland"
"SR14259_23_control","SR14259_23","control","SR14259_23","SR1425923","Polskie","II","Iodent","Poland","Iodent_II_Poland"
"SR15295_9_chilling","SR15295_9","chilling","SR15295_9","SR152959","Polskie","II","Iodent","Poland","Iodent_II_Poland"
"SR15295_9_cold","SR15295_9","cold","SR15295_9","SR152959","Polskie","II","Iodent","Poland","Iodent_II_Poland"
"SR15295_9_control","SR15295_9","control","SR15295_9","SR152959","Polskie","II","Iodent","Poland","Iodent_II_Poland"
"SR17011_19_cold","SR17011_19","cold","SR17011_19","SR1701119","Polskie","II","NSS","Poland","NSS_II_Poland"
"SR17011_19_control","SR17011_19","control","SR17011_19","SR1701119","Polskie","II","NSS","Poland","NSS_II_Poland"
"SR17327_15_chilling","SR17327_15","chilling","SR17327_15","SR1732715","Polskie","II","Iodent","Poland","Iodent_II_Poland"
"SR17327_15_cold","SR17327_15","cold","SR17327_15","SR1732715","Polskie","II","Iodent","Poland","Iodent_II_Poland"
"SR17336_3_chilling","SR17336_3","chilling","SR17336_3","SR173363","Polskie","II","Iodent","Poland","Iodent_II_Poland"
"SR17336_3_cold","SR17336_3","cold","SR17336_3","SR173363","Polskie","II","Iodent","Poland","Iodent_II_Poland"
"SR17336_3_control","SR17336_3","control","SR17336_3","SR173363","Polskie","II","Iodent","Poland","Iodent_II_Poland"
"SR17363_22_chilling","SR17363_22","chilling","SR17363_22","SR1736322","Polskie","II","Iodent","Poland","Iodent_II_Poland"
"SR17363_22_cold","SR17363_22","cold","SR17363_22","SR1736322","Polskie","II","Iodent","Poland","Iodent_II_Poland"
"SR17363_22_control","SR17363_22","control","SR17363_22","SR1736322","Polskie","II","Iodent","Poland","Iodent_II_Poland"
"SR17369_35_chilling","SR17369_35","chilling","SR17369_35","SR1736935","Polskie","II","Iodent","Poland","Iodent_II_Poland"
"SR17369_35_cold","SR17369_35","cold","SR17369_35","SR1736935","Polskie","II","Iodent","Poland","Iodent_II_Poland"
"SR17369_35_control","SR17369_35","control","SR17369_35","SR1736935","Polskie","II","Iodent","Poland","Iodent_II_Poland"
"SR7123_chilling","SR7_12_3","chilling","SR7123","SR7123","Polskie","II","Iodent","Poland","Iodent_II_Poland"
"SR7123_cold","SR7_12_3","cold","SR7123","SR7123","Polskie","II","Iodent","Poland","Iodent_II_Poland"
"SR7123_control","SR7_12_3","control","SR7123","SR7123","Polskie","II","Iodent","Poland","Iodent_II_Poland"
"SR712_18_chilling","SR7_12_18","chilling","SR712_18","SR71218","Polskie","II","Iodent","Poland","Iodent_II_Poland"
"SR712_18_cold","SR7_12_18","cold","SR712_18","SR71218","Polskie","II","Iodent","Poland","Iodent_II_Poland"
"SR712_21_chilling","SR7_12_21","chilling","SR712_21","SR71221","Polskie","II","Iodent","Poland","Iodent_II_Poland"
"SR712_21_cold","SR7_12_21","cold","SR712_21","SR71221","Polskie","II","Iodent","Poland","Iodent_II_Poland"
"SR712_21_control","SR7_12_21","control","SR712_21","SR71221","Polskie","II","Iodent","Poland","Iodent_II_Poland"
"Stanowicka_cold",NA,"cold","Stanowicka","Stanowicka",NA,NA,"Landrace",NA,"Landrace_NA_NA"
"Szyldecka_cold",NA,"cold","Szyldecka","Szyldecka",NA,NA,"Landrace",NA,"Landrace_NA_NA"
"Szyldecka_control",NA,"control","Szyldecka","Szyldecka",NA,NA,"Landrace",NA,"Landrace_NA_NA"
"Tx303_chilling","Tx303","chilling","Tx303","Tx303","Mixed","","Tropical","Mexico","Tropical"
"Tx303_cold","Tx303","cold","Tx303","Tx303","Mixed","","Tropical","Mexico","Tropical"
"Tx303_control","Tx303","control","Tx303","Tx303","Mixed","","Tropical","Mexico","Tropical"
"Tx601_chilling","Tx601","chilling","Tx601","Tx601","Tropical",NA,"Tropical","Mexico","Tropical"
"Tx601_cold","Tx601","cold","Tx601","Tx601","Tropical",NA,"Tropical","Mexico","Tropical"
"Tzi10_cold","Tzi10","cold","Tzi10","Tzi10","Tropical",NA,"Tropical","Mexico","Tropical"
"Tzi8_chilling","Tzi8","chilling","Tzi8","Tzi8","Tropical",NA,"Tropical","Mexico","Tropical"
"Tzi8_cold","Tzi8","cold","Tzi8","Tzi8","Tropical",NA,"Tropical","Mexico","Tropical"
"Tzi8_control","Tzi8","control","Tzi8","Tzi8","Tropical",NA,"Tropical","Mexico","Tropical"
"UH006_chilling","UH006","chilling","UH006","UH006",NA,NA,"NSS","US","NSS_NA_US"
"UH006_cold","UH006","cold","UH006","UH006",NA,NA,"NSS","US","NSS_NA_US"
"UH006_control","UH006","control","UH006","UH006",NA,NA,"NSS","US","NSS_NA_US"
"UH009_chilling","UH009","chilling","UH009","UH009",NA,NA,"NSS","US","NSS_NA_US"
"UH009_cold","UH009","cold","UH009","UH009",NA,NA,"NSS","US","NSS_NA_US"
"UH304_chilling","UH304","chilling","UH304","UH304","SS",NA,"Iodent","US","Iodent_NA_US"
"UH304_cold","UH304","cold","UH304","UH304","SS",NA,"Iodent","US","Iodent_NA_US"
"UH304_control","UH304","control","UH304","UH304","SS",NA,"Iodent","US","Iodent_NA_US"
"Va26_control","Va26","control","Va26","Va26","NSS","I","NSS","US","NSS_I_US"
"W117_chilling","W117","chilling","W117","W117","NSS",NA,"NSS","US","NSS_NA_US"
"W22_chilling","W22","chilling","W22","W22","NSS","I","NSS","US","NSS_I_US"
"W22_cold","W22","cold","W22","W22","NSS","I","NSS","US","NSS_I_US"
"W22_control","W22","control","W22","W22","NSS","I","NSS","US","NSS_I_US"
"W64A_chilling","W64A","chilling","W64A","W64A","NSS","I","NSS","US","NSS_I_US"
"W64A_control","W64A","control","W64A","W64A","NSS","I","NSS","US","NSS_I_US"
"WIL901_chilling","WIL901","chilling","WIL901","WIL901","NSS","II","NSS","US","NSS_II_US"
"WIL901_cold","WIL901","cold","WIL901","WIL901","NSS","II","NSS","US","NSS_II_US"
"WIL901_control","WIL901","control","WIL901","WIL901","NSS","II","NSS","US","NSS_II_US"
"W_S_92_10_chilling",NA,"chilling","W_S_92_10","WS9210",NA,NA,"Landrace",NA,"Landrace_NA_NA"
"W_S_92_10_control",NA,"control","W_S_92_10","WS9210",NA,NA,"Landrace",NA,"Landrace_NA_NA"
"W_S_92_12_chilling",NA,"chilling","W_S_92_12","WS9212",NA,NA,"Landrace",NA,"Landrace_NA_NA"
"W_S_92_12_cold",NA,"cold","W_S_92_12","WS9212",NA,NA,"Landrace",NA,"Landrace_NA_NA"
"W_S_92_12_control",NA,"control","W_S_92_12","WS9212",NA,NA,"Landrace",NA,"Landrace_NA_NA"
"Wawrzenczycka_chilling",NA,"chilling","Wawrzenczycka","Wawrzenczycka",NA,NA,"Landrace",NA,"Landrace_NA_NA"
"Wawrzenczycka_cold",NA,"cold","Wawrzenczycka","Wawrzenczycka",NA,NA,"Landrace",NA,"Landrace_NA_NA"
"Wawrzenczycka_control",NA,"control","Wawrzenczycka","Wawrzenczycka",NA,NA,"Landrace",NA,"Landrace_NA_NA"
"Wawrzynianka_chilling",NA,"chilling","Wawrzynianka","Wawrzynianka",NA,NA,"Landrace",NA,"Landrace_NA_NA"
"Wawrzynianka_cold",NA,"cold","Wawrzynianka","Wawrzynianka",NA,NA,"Landrace",NA,"Landrace_NA_NA"
"Wawrzynianka_control",NA,"control","Wawrzynianka","Wawrzynianka",NA,NA,"Landrace",NA,"Landrace_NA_NA"
"Wielkopolanka_chilling",NA,"chilling","Wielkopolanka","Wielkopolanka",NA,NA,"Landrace",NA,"Landrace_NA_NA"
"Wielkopolanka_cold",NA,"cold","Wielkopolanka","Wielkopolanka",NA,NA,"Landrace",NA,"Landrace_NA_NA"
"Wielkopolanka_control",NA,"control","Wielkopolanka","Wielkopolanka",NA,NA,"Landrace",NA,"Landrace_NA_NA"
